
-- if tables already exist, drop them

drop table Sale;
drop table Vehicle;
drop table CarModel;
drop table Brand;
drop table BodyStyle;
drop table Transmission;
drop table Engine;
drop table Dealer;
drop table Customer;

--create tables

create table Brand
(BrandId	numeric(3) not null,
 BrandName		varchar2(20) not null,
 Logo		varchar2(100),
 constraint Brand_pk primary key (BrandId));
 
create table BodyStyle
(StyleId        numeric(3) not null,
 StyleName		varchar2(20) not null,
 Passengers		numeric(2),
 constraint BodyStyle_pk primary key (StyleId));
 
create table Transmission
(TranId     numeric(3) not null,
 TranCode	varchar2(20),
 TranType	varchar2(10) not null,
 constraint Transmission_pk primary key (TranId));

create table Engine
(EngineId	numeric(3) not null,
 EngineName		varchar2(20),
 Cylinders	numeric(2) not null,
 Horsepower	numeric(3) not null,
 constraint Engine_pk primary key (EngineId));
 
create table Dealer
(DealerId	numeric(3) not null,
 DealerName		varchar2(20) not null,
 Address	varchar2(30),
 constraint Dealer_pk primary key (DealerId));
 
create table Customer
(CustomerId	numeric(4) not null,
 CustomerName	varchar2(25) not null,
 Address	varchar2(30),
 Phone		numeric(10) not null,
 Gender		varchar2(1),
 Income		numeric(7),
 constraint Customer_pk primary key (CustomerId));

create table CarModel
(ModelId	numeric(4) not null,
 BrandId	numeric(3) not null,
 Modelname	varchar2(20),
 BodyStyleId numeric(3) not null,
 constraint Model_pk primary key (ModelId),
 constraint Brand_fk foreign key (BrandId) REFERENCES Brand(BrandId),
 constraint BodyStyle_fk foreign key (BodyStyleId) REFERENCES BodyStyle(StyleId));

create table Vehicle
(VIN		varchar2(17) not null,
 ModelId	numeric(4) not null,
 DealerId	numeric(3) not null,
 EngineId	numeric(3) not null,
 TranId	numeric(3) not null,
 ProductionDate	date not null,
 Color		varchar2(10),
 constraint Vehicle_pk primary key (VIN),
 constraint Model_fk foreign key (ModelId) REFERENCES CarModel(ModelId),
 constraint Dealer_fk foreign key (DealerId) REFERENCES Dealer(DealerId),
 constraint Engine_fk foreign key (EngineId) REFERENCES Engine(EngineId),
 constraint Transmission_fk foreign key (TranId) REFERENCES Transmission(TranId));
 
create table Sale
(SaleId		numeric(4) not null,
 CustomerId	numeric(4) not null,
 DealerId	numeric(3) not null,
 VIN		varchar2(17) not null,
 SalePrice	numeric(6) not null,
 TagPrice	numeric(6) not null,
 SaleDate	date not null,
 constraint Sale_pk primary key (SaleId),
 constraint Customer_fk foreign key (CustomerId) REFERENCES Customer(CustomerId),
 constraint Vehicle_fk foreign key (VIN) REFERENCES Vehicle(VIN));

COMMIT;

-- BodyStyleId Test Data
insert into BodyStyle (StyleId, StyleName, Passengers) values (1, 'Coupe', 7);
insert into BodyStyle (StyleId, StyleName, Passengers) values (2, 'Convertible', 6);
insert into BodyStyle (StyleId, StyleName, Passengers) values (3, 'Convertible', 7);
insert into BodyStyle (StyleId, StyleName, Passengers) values (4, 'Sedan', 7);
insert into BodyStyle (StyleId, StyleName, Passengers) values (5, 'Hatchback', 6);
insert into BodyStyle (StyleId, StyleName, Passengers) values (6, 'Hatchback', 6);
insert into BodyStyle (StyleId, StyleName, Passengers) values (7, 'Coupe', 2);
insert into BodyStyle (StyleId, StyleName, Passengers) values (8, 'SUV', 6);
insert into BodyStyle (StyleId, StyleName, Passengers) values (9, 'Convertible', 7);
insert into BodyStyle (StyleId, StyleName, Passengers) values (10, 'Truck', 7);
insert into BodyStyle (StyleId, StyleName, Passengers) values (11, 'Truck', 2);
insert into BodyStyle (StyleId, StyleName, Passengers) values (12, 'SUV', 7);
insert into BodyStyle (StyleId, StyleName, Passengers) values (13, 'Coupe', 2);
insert into BodyStyle (StyleId, StyleName, Passengers) values (14, 'Coupe', 4);
insert into BodyStyle (StyleId, StyleName, Passengers) values (15, 'Hatchback', 4);
insert into BodyStyle (StyleId, StyleName, Passengers) values (16, 'Convertible', 2);
insert into BodyStyle (StyleId, StyleName, Passengers) values (17, 'Hatchback', 7);
insert into BodyStyle (StyleId, StyleName, Passengers) values (18, 'Truck', 4);
insert into BodyStyle (StyleId, StyleName, Passengers) values (19, 'SUV', 4);
insert into BodyStyle (StyleId, StyleName, Passengers) values (20, 'Convertible', 4);
insert into BodyStyle (StyleId, StyleName, Passengers) values (21, 'Truck', 6);
insert into BodyStyle (StyleId, StyleName, Passengers) values (22, 'SUV', 7);
insert into BodyStyle (StyleId, StyleName, Passengers) values (23, 'Truck', 4);
insert into BodyStyle (StyleId, StyleName, Passengers) values (24, 'Sedan', 2);
insert into BodyStyle (StyleId, StyleName, Passengers) values (25, 'Hatchback', 6);
insert into BodyStyle (StyleId, StyleName, Passengers) values (26, 'Truck', 7);
insert into BodyStyle (StyleId, StyleName, Passengers) values (27, 'Hatchback', 2);
insert into BodyStyle (StyleId, StyleName, Passengers) values (28, 'Hatchback', 4);
insert into BodyStyle (StyleId, StyleName, Passengers) values (29, 'Hatchback', 2);
insert into BodyStyle (StyleId, StyleName, Passengers) values (30, 'Sedan', 4);
insert into BodyStyle (StyleId, StyleName, Passengers) values (31, 'Convertible', 7);
insert into BodyStyle (StyleId, StyleName, Passengers) values (32, 'Sedan', 6);
insert into BodyStyle (StyleId, StyleName, Passengers) values (33, 'Truck', 7);
insert into BodyStyle (StyleId, StyleName, Passengers) values (34, 'Hatchback', 7);
insert into BodyStyle (StyleId, StyleName, Passengers) values (35, 'Sedan', 4);
insert into BodyStyle (StyleId, StyleName, Passengers) values (36, 'Truck', 2);
insert into BodyStyle (StyleId, StyleName, Passengers) values (37, 'Hatchback', 4);
insert into BodyStyle (StyleId, StyleName, Passengers) values (38, 'Truck', 6);
insert into BodyStyle (StyleId, StyleName, Passengers) values (39, 'SUV', 2);
insert into BodyStyle (StyleId, StyleName, Passengers) values (40, 'Sedan', 2);
insert into BodyStyle (StyleId, StyleName, Passengers) values (41, 'Convertible', 6);
insert into BodyStyle (StyleId, StyleName, Passengers) values (42, 'Coupe', 7);
insert into BodyStyle (StyleId, StyleName, Passengers) values (43, 'SUV', 4);
insert into BodyStyle (StyleId, StyleName, Passengers) values (44, 'Truck', 4);
insert into BodyStyle (StyleId, StyleName, Passengers) values (45, 'Truck', 7);
insert into BodyStyle (StyleId, StyleName, Passengers) values (46, 'Coupe', 2);
insert into BodyStyle (StyleId, StyleName, Passengers) values (47, 'Convertible', 6);
insert into BodyStyle (StyleId, StyleName, Passengers) values (48, 'Truck', 4);
insert into BodyStyle (StyleId, StyleName, Passengers) values (49, 'Convertible', 2);
insert into BodyStyle (StyleId, StyleName, Passengers) values (50, 'Truck', 6);
insert into BodyStyle (StyleId, StyleName, Passengers) values (51, 'Truck', 4);
insert into BodyStyle (StyleId, StyleName, Passengers) values (52, 'Hatchback', 2);
insert into BodyStyle (StyleId, StyleName, Passengers) values (53, 'Sedan', 7);
insert into BodyStyle (StyleId, StyleName, Passengers) values (54, 'Truck', 2);
insert into BodyStyle (StyleId, StyleName, Passengers) values (55, 'Coupe', 4);
insert into BodyStyle (StyleId, StyleName, Passengers) values (56, 'Hatchback', 7);
insert into BodyStyle (StyleId, StyleName, Passengers) values (57, 'SUV', 4);
insert into BodyStyle (StyleId, StyleName, Passengers) values (58, 'Hatchback', 2);
insert into BodyStyle (StyleId, StyleName, Passengers) values (59, 'Truck', 4);
insert into BodyStyle (StyleId, StyleName, Passengers) values (60, 'Truck', 6);
insert into BodyStyle (StyleId, StyleName, Passengers) values (61, 'Coupe', 7);
insert into BodyStyle (StyleId, StyleName, Passengers) values (62, 'Sedan', 6);
insert into BodyStyle (StyleId, StyleName, Passengers) values (63, 'Coupe', 6);
insert into BodyStyle (StyleId, StyleName, Passengers) values (64, 'Truck', 2);
insert into BodyStyle (StyleId, StyleName, Passengers) values (65, 'Coupe', 7);
insert into BodyStyle (StyleId, StyleName, Passengers) values (66, 'Coupe', 6);
insert into BodyStyle (StyleId, StyleName, Passengers) values (67, 'Hatchback', 2);
insert into BodyStyle (StyleId, StyleName, Passengers) values (68, 'Coupe', 6);
insert into BodyStyle (StyleId, StyleName, Passengers) values (69, 'Truck', 6);
insert into BodyStyle (StyleId, StyleName, Passengers) values (70, 'Truck', 4);
insert into BodyStyle (StyleId, StyleName, Passengers) values (71, 'Convertible', 7);
insert into BodyStyle (StyleId, StyleName, Passengers) values (72, 'Convertible', 2);
insert into BodyStyle (StyleId, StyleName, Passengers) values (73, 'Coupe', 2);
insert into BodyStyle (StyleId, StyleName, Passengers) values (74, 'SUV', 7);
insert into BodyStyle (StyleId, StyleName, Passengers) values (75, 'Sedan', 6);
insert into BodyStyle (StyleId, StyleName, Passengers) values (76, 'Coupe', 6);
insert into BodyStyle (StyleId, StyleName, Passengers) values (77, 'Hatchback', 4);
insert into BodyStyle (StyleId, StyleName, Passengers) values (78, 'Sedan', 7);
insert into BodyStyle (StyleId, StyleName, Passengers) values (79, 'Coupe', 4);
insert into BodyStyle (StyleId, StyleName, Passengers) values (80, 'SUV', 7);
insert into BodyStyle (StyleId, StyleName, Passengers) values (81, 'SUV', 7);
insert into BodyStyle (StyleId, StyleName, Passengers) values (82, 'SUV', 7);
insert into BodyStyle (StyleId, StyleName, Passengers) values (83, 'Convertible', 7);
insert into BodyStyle (StyleId, StyleName, Passengers) values (84, 'Sedan', 2);
insert into BodyStyle (StyleId, StyleName, Passengers) values (85, 'Sedan', 4);
insert into BodyStyle (StyleId, StyleName, Passengers) values (86, 'Sedan', 7);
insert into BodyStyle (StyleId, StyleName, Passengers) values (87, 'SUV', 4);
insert into BodyStyle (StyleId, StyleName, Passengers) values (88, 'SUV', 6);
insert into BodyStyle (StyleId, StyleName, Passengers) values (89, 'Sedan', 7);
insert into BodyStyle (StyleId, StyleName, Passengers) values (90, 'Convertible', 7);
insert into BodyStyle (StyleId, StyleName, Passengers) values (91, 'Sedan', 7);
insert into BodyStyle (StyleId, StyleName, Passengers) values (92, 'Coupe', 7);
insert into BodyStyle (StyleId, StyleName, Passengers) values (93, 'Hatchback', 2);
insert into BodyStyle (StyleId, StyleName, Passengers) values (94, 'Coupe', 2);
insert into BodyStyle (StyleId, StyleName, Passengers) values (95, 'Truck', 4);
insert into BodyStyle (StyleId, StyleName, Passengers) values (96, 'Sedan', 2);
insert into BodyStyle (StyleId, StyleName, Passengers) values (97, 'Truck', 2);
insert into BodyStyle (StyleId, StyleName, Passengers) values (98, 'Hatchback', 7);
insert into BodyStyle (StyleId, StyleName, Passengers) values (99, 'Sedan', 4);
insert into BodyStyle (StyleId, StyleName, Passengers) values (100, 'Truck', 4);

-- Brand Test Data
insert into Brand (BrandId, BrandName, Logo) values (1, 'Mercury', 'http://dummyimage.com/201x154.jpg/dddddd/000000');
insert into Brand (BrandId, BrandName, Logo) values (2, 'Scion', 'http://dummyimage.com/189x208.png/cc0001/ffffff');
insert into Brand (BrandId, BrandName, Logo) values (3, 'BMW', 'http://dummyimage.com/127x171.jpg/5fa2dd/ffffff');
insert into Brand (BrandId, BrandName, Logo) values (4, 'Lamborghini', 'http://dummyimage.com/123x250.bmp/cc0001/ffffff');
insert into Brand (BrandId, BrandName, Logo) values (5, 'Mitsubishi', 'http://dummyimage.com/109x155.png/5fa2dd/ffffff');
insert into Brand (BrandId, BrandName, Logo) values (6, 'Isuzu', 'http://dummyimage.com/185x247.png/dddddd/000000');
insert into Brand (BrandId, BrandName, Logo) values (7, 'Ford', 'http://dummyimage.com/194x187.png/ff4401/ffffff');
insert into Brand (BrandId, BrandName, Logo) values (8, 'Mitsubishi', 'http://dummyimage.com/209x163.jpg/dddddd/000000');
insert into Brand (BrandId, BrandName, Logo) values (9, 'BMW', 'http://dummyimage.com/103x203.bmp/ff4401/ffffff');
insert into Brand (BrandId, BrandName, Logo) values (10, 'Subaru', 'http://dummyimage.com/187x176.jpg/cc0001/ffffff');
insert into Brand (BrandId, BrandName, Logo) values (11, 'Ford', 'http://dummyimage.com/201x244.png/5fa2dd/ffffff');
insert into Brand (BrandId, BrandName, Logo) values (12, 'Dodge', 'http://dummyimage.com/122x128.png/dddddd/000000');
insert into Brand (BrandId, BrandName, Logo) values (13, 'Mitsubishi', 'http://dummyimage.com/150x192.jpg/cc0001/ffffff');
insert into Brand (BrandId, BrandName, Logo) values (14, 'Pontiac', 'http://dummyimage.com/151x209.bmp/cc0001/ffffff');
insert into Brand (BrandId, BrandName, Logo) values (15, 'Volkswagen', 'http://dummyimage.com/136x209.jpg/cc0001/ffffff');
insert into Brand (BrandId, BrandName, Logo) values (16, 'Buick', 'http://dummyimage.com/114x204.bmp/5fa2dd/ffffff');
insert into Brand (BrandId, BrandName, Logo) values (17, 'BMW', 'http://dummyimage.com/158x129.bmp/ff4401/ffffff');
insert into Brand (BrandId, BrandName, Logo) values (18, 'Dodge', 'http://dummyimage.com/196x156.jpg/ff4401/ffffff');
insert into Brand (BrandId, BrandName, Logo) values (19, 'Toyota', 'http://dummyimage.com/205x110.jpg/dddddd/000000');
insert into Brand (BrandId, BrandName, Logo) values (20, 'Pontiac', 'http://dummyimage.com/138x155.jpg/dddddd/000000');
insert into Brand (BrandId, BrandName, Logo) values (21, 'Toyota', 'http://dummyimage.com/129x230.png/cc0001/ffffff');
insert into Brand (BrandId, BrandName, Logo) values (22, 'BMW', 'http://dummyimage.com/246x104.png/ff4401/ffffff');
insert into Brand (BrandId, BrandName, Logo) values (23, 'Audi', 'http://dummyimage.com/112x162.bmp/cc0001/ffffff');
insert into Brand (BrandId, BrandName, Logo) values (24, 'Hyundai', 'http://dummyimage.com/197x152.bmp/cc0001/ffffff');
insert into Brand (BrandId, BrandName, Logo) values (25, 'Mitsubishi', 'http://dummyimage.com/196x178.jpg/cc0001/ffffff');
insert into Brand (BrandId, BrandName, Logo) values (26, 'Infiniti', 'http://dummyimage.com/223x192.png/cc0001/ffffff');
insert into Brand (BrandId, BrandName, Logo) values (27, 'Pontiac', 'http://dummyimage.com/184x213.png/dddddd/000000');
insert into Brand (BrandId, BrandName, Logo) values (28, 'Mercedes-Benz', 'http://dummyimage.com/126x176.jpg/5fa2dd/ffffff');
insert into Brand (BrandId, BrandName, Logo) values (29, 'Buick', 'http://dummyimage.com/185x168.bmp/dddddd/000000');
insert into Brand (BrandId, BrandName, Logo) values (30, 'Acura', 'http://dummyimage.com/124x101.jpg/5fa2dd/ffffff');
insert into Brand (BrandId, BrandName, Logo) values (31, 'GMC', 'http://dummyimage.com/189x126.jpg/ff4401/ffffff');
insert into Brand (BrandId, BrandName, Logo) values (32, 'Chevrolet', 'http://dummyimage.com/248x206.bmp/5fa2dd/ffffff');
insert into Brand (BrandId, BrandName, Logo) values (33, 'BMW', 'http://dummyimage.com/170x108.jpg/ff4401/ffffff');
insert into Brand (BrandId, BrandName, Logo) values (34, 'Mitsubishi', 'http://dummyimage.com/174x216.png/dddddd/000000');
insert into Brand (BrandId, BrandName, Logo) values (35, 'Mitsubishi', 'http://dummyimage.com/185x154.jpg/ff4401/ffffff');
insert into Brand (BrandId, BrandName, Logo) values (36, 'GMC', 'http://dummyimage.com/122x181.png/ff4401/ffffff');
insert into Brand (BrandId, BrandName, Logo) values (37, 'Chevrolet', 'http://dummyimage.com/154x207.png/ff4401/ffffff');
insert into Brand (BrandId, BrandName, Logo) values (38, 'BMW', 'http://dummyimage.com/218x150.png/ff4401/ffffff');
insert into Brand (BrandId, BrandName, Logo) values (39, 'Chevrolet', 'http://dummyimage.com/221x157.jpg/5fa2dd/ffffff');
insert into Brand (BrandId, BrandName, Logo) values (40, 'GMC', 'http://dummyimage.com/113x195.jpg/dddddd/000000');
insert into Brand (BrandId, BrandName, Logo) values (41, 'GMC', 'http://dummyimage.com/229x230.png/cc0001/ffffff');
insert into Brand (BrandId, BrandName, Logo) values (42, 'GMC', 'http://dummyimage.com/199x159.png/dddddd/000000');
insert into Brand (BrandId, BrandName, Logo) values (43, 'Pontiac', 'http://dummyimage.com/174x124.jpg/dddddd/000000');
insert into Brand (BrandId, BrandName, Logo) values (44, 'Isuzu', 'http://dummyimage.com/110x139.bmp/cc0001/ffffff');
insert into Brand (BrandId, BrandName, Logo) values (45, 'Toyota', 'http://dummyimage.com/130x110.png/ff4401/ffffff');
insert into Brand (BrandId, BrandName, Logo) values (46, 'Buick', 'http://dummyimage.com/133x131.png/5fa2dd/ffffff');
insert into Brand (BrandId, BrandName, Logo) values (47, 'Lamborghini', 'http://dummyimage.com/239x149.bmp/dddddd/000000');
insert into Brand (BrandId, BrandName, Logo) values (48, 'Mitsubishi', 'http://dummyimage.com/240x193.jpg/5fa2dd/ffffff');
insert into Brand (BrandId, BrandName, Logo) values (49, 'Chevrolet', 'http://dummyimage.com/185x202.bmp/dddddd/000000');
insert into Brand (BrandId, BrandName, Logo) values (50, 'Lexus', 'http://dummyimage.com/159x120.png/cc0001/ffffff');
insert into Brand (BrandId, BrandName, Logo) values (51, 'Isuzu', 'http://dummyimage.com/182x237.bmp/5fa2dd/ffffff');
insert into Brand (BrandId, BrandName, Logo) values (52, 'Dodge', 'http://dummyimage.com/124x176.jpg/dddddd/000000');
insert into Brand (BrandId, BrandName, Logo) values (53, 'Dodge', 'http://dummyimage.com/110x108.bmp/5fa2dd/ffffff');
insert into Brand (BrandId, BrandName, Logo) values (54, 'Hyundai', 'http://dummyimage.com/100x174.jpg/dddddd/000000');
insert into Brand (BrandId, BrandName, Logo) values (55, 'Bentley', 'http://dummyimage.com/224x173.jpg/5fa2dd/ffffff');
insert into Brand (BrandId, BrandName, Logo) values (56, 'Volkswagen', 'http://dummyimage.com/192x236.png/ff4401/ffffff');
insert into Brand (BrandId, BrandName, Logo) values (57, 'Mercedes-Benz', 'http://dummyimage.com/226x140.bmp/cc0001/ffffff');
insert into Brand (BrandId, BrandName, Logo) values (58, 'Audi', 'http://dummyimage.com/161x102.jpg/ff4401/ffffff');
insert into Brand (BrandId, BrandName, Logo) values (59, 'Pontiac', 'http://dummyimage.com/197x236.jpg/5fa2dd/ffffff');
insert into Brand (BrandId, BrandName, Logo) values (60, 'Ford', 'http://dummyimage.com/221x228.jpg/cc0001/ffffff');
insert into Brand (BrandId, BrandName, Logo) values (61, 'Dodge', 'http://dummyimage.com/242x199.png/dddddd/000000');
insert into Brand (BrandId, BrandName, Logo) values (62, 'Ford', 'http://dummyimage.com/122x235.jpg/ff4401/ffffff');
insert into Brand (BrandId, BrandName, Logo) values (63, 'Nissan', 'http://dummyimage.com/160x245.bmp/dddddd/000000');
insert into Brand (BrandId, BrandName, Logo) values (64, 'Chevrolet', 'http://dummyimage.com/210x220.jpg/dddddd/000000');
insert into Brand (BrandId, BrandName, Logo) values (65, 'Mazda', 'http://dummyimage.com/239x229.jpg/5fa2dd/ffffff');
insert into Brand (BrandId, BrandName, Logo) values (66, 'Chevrolet', 'http://dummyimage.com/199x151.png/5fa2dd/ffffff');
insert into Brand (BrandId, BrandName, Logo) values (67, 'Chevrolet', 'http://dummyimage.com/234x176.bmp/5fa2dd/ffffff');
insert into Brand (BrandId, BrandName, Logo) values (68, 'Dodge', 'http://dummyimage.com/120x237.jpg/dddddd/000000');
insert into Brand (BrandId, BrandName, Logo) values (69, 'Toyota', 'http://dummyimage.com/128x211.jpg/cc0001/ffffff');
insert into Brand (BrandId, BrandName, Logo) values (70, 'Toyota', 'http://dummyimage.com/152x170.jpg/cc0001/ffffff');
insert into Brand (BrandId, BrandName, Logo) values (71, 'Toyota', 'http://dummyimage.com/160x227.bmp/dddddd/000000');
insert into Brand (BrandId, BrandName, Logo) values (72, 'Chevrolet', 'http://dummyimage.com/217x116.bmp/cc0001/ffffff');
insert into Brand (BrandId, BrandName, Logo) values (73, 'Studebaker', 'http://dummyimage.com/232x206.png/5fa2dd/ffffff');
insert into Brand (BrandId, BrandName, Logo) values (74, 'Pontiac', 'http://dummyimage.com/100x220.jpg/ff4401/ffffff');
insert into Brand (BrandId, BrandName, Logo) values (75, 'Chevrolet', 'http://dummyimage.com/111x172.jpg/ff4401/ffffff');
insert into Brand (BrandId, BrandName, Logo) values (76, 'Oldsmobile', 'http://dummyimage.com/211x132.bmp/dddddd/000000');
insert into Brand (BrandId, BrandName, Logo) values (77, 'Volkswagen', 'http://dummyimage.com/217x160.jpg/5fa2dd/ffffff');
insert into Brand (BrandId, BrandName, Logo) values (78, 'Audi', 'http://dummyimage.com/224x142.bmp/5fa2dd/ffffff');
insert into Brand (BrandId, BrandName, Logo) values (79, 'Cadillac', 'http://dummyimage.com/134x152.jpg/cc0001/ffffff');
insert into Brand (BrandId, BrandName, Logo) values (80, 'Infiniti', 'http://dummyimage.com/222x106.bmp/cc0001/ffffff');
insert into Brand (BrandId, BrandName, Logo) values (81, 'Ford', 'http://dummyimage.com/166x130.png/cc0001/ffffff');
insert into Brand (BrandId, BrandName, Logo) values (82, 'Land Rover', 'http://dummyimage.com/144x205.bmp/ff4401/ffffff');
insert into Brand (BrandId, BrandName, Logo) values (83, 'BMW', 'http://dummyimage.com/165x220.jpg/ff4401/ffffff');
insert into Brand (BrandId, BrandName, Logo) values (84, 'Nissan', 'http://dummyimage.com/130x178.png/dddddd/000000');
insert into Brand (BrandId, BrandName, Logo) values (85, 'GMC', 'http://dummyimage.com/236x231.bmp/5fa2dd/ffffff');
insert into Brand (BrandId, BrandName, Logo) values (86, 'Mitsubishi', 'http://dummyimage.com/178x148.png/cc0001/ffffff');
insert into Brand (BrandId, BrandName, Logo) values (87, 'GMC', 'http://dummyimage.com/207x192.png/ff4401/ffffff');
insert into Brand (BrandId, BrandName, Logo) values (88, 'Porsche', 'http://dummyimage.com/106x186.jpg/cc0001/ffffff');
insert into Brand (BrandId, BrandName, Logo) values (89, 'Buick', 'http://dummyimage.com/157x226.png/ff4401/ffffff');
insert into Brand (BrandId, BrandName, Logo) values (90, 'Dodge', 'http://dummyimage.com/210x221.jpg/cc0001/ffffff');
insert into Brand (BrandId, BrandName, Logo) values (91, 'Maserati', 'http://dummyimage.com/122x117.jpg/5fa2dd/ffffff');
insert into Brand (BrandId, BrandName, Logo) values (92, 'Acura', 'http://dummyimage.com/212x124.bmp/ff4401/ffffff');
insert into Brand (BrandId, BrandName, Logo) values (93, 'Ford', 'http://dummyimage.com/164x214.jpg/ff4401/ffffff');
insert into Brand (BrandId, BrandName, Logo) values (94, 'Jensen', 'http://dummyimage.com/225x204.png/cc0001/ffffff');
insert into Brand (BrandId, BrandName, Logo) values (95, 'GMC', 'http://dummyimage.com/203x198.png/ff4401/ffffff');
insert into Brand (BrandId, BrandName, Logo) values (96, 'Chevrolet', 'http://dummyimage.com/140x133.bmp/5fa2dd/ffffff');
insert into Brand (BrandId, BrandName, Logo) values (97, 'Suzuki', 'http://dummyimage.com/201x156.png/cc0001/ffffff');
insert into Brand (BrandId, BrandName, Logo) values (98, 'Ford', 'http://dummyimage.com/214x166.bmp/dddddd/000000');
insert into Brand (BrandId, BrandName, Logo) values (99, 'Hyundai', 'http://dummyimage.com/175x173.jpg/cc0001/ffffff');
insert into Brand (BrandId, BrandName, Logo) values (100, 'Saturn', 'http://dummyimage.com/250x212.png/ff4401/ffffff');

-- Customer Test Data
insert into Customer (CustomerId, CustomerName, Address, Phone, Gender, Income) values (1, 'George Kirstein', '74776 Mariners Cove Park', '6299864390', 'M', '996325');
insert into Customer (CustomerId, CustomerName, Address, Phone, Gender, Income) values (2, 'Amalea Ellaway', '27 Spenser Lane', '6805006259', 'F', '303458');
insert into Customer (CustomerId, CustomerName, Address, Phone, Gender, Income) values (3, 'Lorin Child', '3250 Basil Plaza', '4726907957', 'M', '658801');
insert into Customer (CustomerId, CustomerName, Address, Phone, Gender, Income) values (4, 'Liuka De Normanville', '3722 Derek Lane', '6304900988', 'F', '411978');
insert into Customer (CustomerId, CustomerName, Address, Phone, Gender, Income) values (5, 'Ellynn Rignoldes', '85 Petterle Trail', '6808308973', 'F', '807194');
insert into Customer (CustomerId, CustomerName, Address, Phone, Gender, Income) values (6, 'Simone Oxton', '264 Pepper Wood Center', '1705507041', 'F', '345209');
insert into Customer (CustomerId, CustomerName, Address, Phone, Gender, Income) values (7, 'Silvana Seals', '6 Claremont Alley', '3709003547', 'F', '875600');
insert into Customer (CustomerId, CustomerName, Address, Phone, Gender, Income) values (8, 'Casie Grinov', '33471 Green Ridge Plaza', '9101500397', 'F', '553424');
insert into Customer (CustomerId, CustomerName, Address, Phone, Gender, Income) values (9, 'Hube MacCaffery', '7 Buhler Alley', '6303201289', 'M', '704578');
insert into Customer (CustomerId, CustomerName, Address, Phone, Gender, Income) values (10, 'Nissy Gristock', '13601 Melrose Road', '3101304017', 'F', '314216');
insert into Customer (CustomerId, CustomerName, Address, Phone, Gender, Income) values (11, 'Cara Costock', '33681 Welch Junction', '2702908591', 'F', '993763');
insert into Customer (CustomerId, CustomerName, Address, Phone, Gender, Income) values (12, 'Camala Korous', '6505 Bunting Junction', '9505907955', 'F', '181897');
insert into Customer (CustomerId, CustomerName, Address, Phone, Gender, Income) values (13, 'Gabriello Andrieu', '2 Manufacturers Parkway', '3701708378', 'M', '163126');
insert into Customer (CustomerId, CustomerName, Address, Phone, Gender, Income) values (14, 'Kaitlyn Gramer', '7 Myrtle Way', '3201601561', 'F', '107068');
insert into Customer (CustomerId, CustomerName, Address, Phone, Gender, Income) values (15, 'Adams Joseph', '49586 Butternut Point', '3609300063', 'M', '96614');
insert into Customer (CustomerId, CustomerName, Address, Phone, Gender, Income) values (16, 'Celeste Challenger', '75 Pleasure Circle', '4103604184', 'F', '302713');
insert into Customer (CustomerId, CustomerName, Address, Phone, Gender, Income) values (17, 'Tally Petley', '43826 Haas Street', '6104405342', 'F', '804247');
insert into Customer (CustomerId, CustomerName, Address, Phone, Gender, Income) values (18, 'Bealle Steffan', '26 Mayer Center', '7106602076', 'M', '421747');
insert into Customer (CustomerId, CustomerName, Address, Phone, Gender, Income) values (19, 'Debora Minifie', '31838 Ilene Street', '2709503764', 'F', '135172');
insert into Customer (CustomerId, CustomerName, Address, Phone, Gender, Income) values (20, 'Danit Toffanelli', '0532 West Way', '2103901099', 'F', '51387');
insert into Customer (CustomerId, CustomerName, Address, Phone, Gender, Income) values (21, 'Dorey Elegood', '6327 Carpenter Plaza', '8206702548', 'M', '738135');
insert into Customer (CustomerId, CustomerName, Address, Phone, Gender, Income) values (22, 'Abbot Buckberry', '087 Talmadge Parkway', '8604203890', 'M', '139368');
insert into Customer (CustomerId, CustomerName, Address, Phone, Gender, Income) values (23, 'Aleen Duncan', '5 4th Crossing', '8407509934', 'F', '745222');
insert into Customer (CustomerId, CustomerName, Address, Phone, Gender, Income) values (24, 'Jacob Rosettini', '1 Alpine Street', '8106100177', 'M', '700092');
insert into Customer (CustomerId, CustomerName, Address, Phone, Gender, Income) values (25, 'Oates Klageman', '9 Warner Street', '2401302365', 'M', '984321');
insert into Customer (CustomerId, CustomerName, Address, Phone, Gender, Income) values (26, 'Gasper Holborn', '52017 Petterle Center', '9705500125', 'M', '945285');
insert into Customer (CustomerId, CustomerName, Address, Phone, Gender, Income) values (27, 'Muffin Baillie', '27 Laurel Court', '9505809006', 'M', '178099');
insert into Customer (CustomerId, CustomerName, Address, Phone, Gender, Income) values (28, 'Elfreda Bilbrey', '4 Harper Terrace', '3004908149', 'F', '976269');
insert into Customer (CustomerId, CustomerName, Address, Phone, Gender, Income) values (29, 'Deanna Fowlston', '003 Russell Park', '3301406789', 'F', '342434');
insert into Customer (CustomerId, CustomerName, Address, Phone, Gender, Income) values (30, 'Georgianna O''Neal', '239 Mockingbird Street', '8102705536', 'F', '176279');
insert into Customer (CustomerId, CustomerName, Address, Phone, Gender, Income) values (31, 'Frederich Skalls', '892 Banding Parkway', '8705605776', 'M', '694300');
insert into Customer (CustomerId, CustomerName, Address, Phone, Gender, Income) values (32, 'Alison Christon', '9812 Bobwhite Center', '6104000474', 'F', '225035');
insert into Customer (CustomerId, CustomerName, Address, Phone, Gender, Income) values (33, 'Joelynn Duesbury', '97 5th Crossing', '9502103719', 'F', '689157');
insert into Customer (CustomerId, CustomerName, Address, Phone, Gender, Income) values (34, 'Harriette Adcock', '1 Schmedeman Plaza', '9904805906', 'F', '201595');
insert into Customer (CustomerId, CustomerName, Address, Phone, Gender, Income) values (35, 'Novelia Bloschke', '20393 Sloan Hill', '6207708517', 'F', '248679');
insert into Customer (CustomerId, CustomerName, Address, Phone, Gender, Income) values (36, 'Lou Durman', '2963 Monument Center', '9607704139', 'F', '553280');
insert into Customer (CustomerId, CustomerName, Address, Phone, Gender, Income) values (37, 'Imogen Grantham', '007 Badeau Hill', '1404601862', 'F', '419164');
insert into Customer (CustomerId, CustomerName, Address, Phone, Gender, Income) values (38, 'Gabey De la Perrelle', '58983 Burrows Court', '5008804404', 'F', '486787');
insert into Customer (CustomerId, CustomerName, Address, Phone, Gender, Income) values (39, 'Agneta Prestage', '78 Haas Lane', '3506708722', 'F', '613309');
insert into Customer (CustomerId, CustomerName, Address, Phone, Gender, Income) values (40, 'Tami Wellwood', '01 Ronald Regan Circle', '8904608704', 'F', '229095');
insert into Customer (CustomerId, CustomerName, Address, Phone, Gender, Income) values (41, 'Gavan Whipp', '21667 Loomis Way', '9008801592', 'M', '377096');
insert into Customer (CustomerId, CustomerName, Address, Phone, Gender, Income) values (42, 'Hillard Bowskill', '68236 Johnson Hill', '5101808055', 'M', '605512');
insert into Customer (CustomerId, CustomerName, Address, Phone, Gender, Income) values (43, 'Ricca Diggell', '92297 Burrows Terrace', '7907503184', 'F', '809865');
insert into Customer (CustomerId, CustomerName, Address, Phone, Gender, Income) values (44, 'Gayelord Brogini', '84156 Oxford Hill', '7709705342', 'M', '273526');
insert into Customer (CustomerId, CustomerName, Address, Phone, Gender, Income) values (45, 'Salomi Soffe', '9 Lake View Point', '9803000556', 'F', '182426');
insert into Customer (CustomerId, CustomerName, Address, Phone, Gender, Income) values (46, 'Doralin Beausang', '15448 Dexter Way', '7202705915', 'F', '778487');
insert into Customer (CustomerId, CustomerName, Address, Phone, Gender, Income) values (47, 'Zacharias Seres', '23675 Ramsey Junction', '2709505646', 'M', '401664');
insert into Customer (CustomerId, CustomerName, Address, Phone, Gender, Income) values (48, 'Maire Cousans', '08 School Trail', '3307706306', 'F', '176799');
insert into Customer (CustomerId, CustomerName, Address, Phone, Gender, Income) values (49, 'Mag Kerford', '37 Summerview Circle', '4505917187', 'F', '376501');
insert into Customer (CustomerId, CustomerName, Address, Phone, Gender, Income) values (50, 'Carley Franey', '373 Commercial Street', '7316610186', 'F', '584402');
insert into Customer (CustomerId, CustomerName, Address, Phone, Gender, Income) values (51, 'Derwin McLachlan', '01452 Maple Wood Place', '2612817152', 'M', '692808');
insert into Customer (CustomerId, CustomerName, Address, Phone, Gender, Income) values (52, 'Adolpho Bowness', '85 Tomscot Place', '5719213125', 'M', '230130');
insert into Customer (CustomerId, CustomerName, Address, Phone, Gender, Income) values (53, 'Casper Allpress', '4666 North Drive', '1018716493', 'M', '647353');
insert into Customer (CustomerId, CustomerName, Address, Phone, Gender, Income) values (54, 'Brandon Zincke', '81558 Dunning Trail', '1515914789', 'M', '605561');
insert into Customer (CustomerId, CustomerName, Address, Phone, Gender, Income) values (55, 'Hayyim Rymell', '93243 Mockingbird Place', '3218611412', 'M', '505997');
insert into Customer (CustomerId, CustomerName, Address, Phone, Gender, Income) values (56, 'Garrick Erni', '9076 Erie Avenue', '4914116258', 'M', '628098');
insert into Customer (CustomerId, CustomerName, Address, Phone, Gender, Income) values (57, 'Tracie Schubuser', '4 American Crossing', '8012117632', 'F', '190322');
insert into Customer (CustomerId, CustomerName, Address, Phone, Gender, Income) values (58, 'Gertrude Fairs', '77001 Lien Pass', '6312914779', 'F', '925917');
insert into Customer (CustomerId, CustomerName, Address, Phone, Gender, Income) values (59, 'Paolina Haack', '08 Commercial Lane', '1714715368', 'F', '768283');
insert into Customer (CustomerId, CustomerName, Address, Phone, Gender, Income) values (60, 'Edouard Pesak', '8138 Dexter Point', '7918212700', 'M', '432602');
insert into Customer (CustomerId, CustomerName, Address, Phone, Gender, Income) values (61, 'Arnold McKiernan', '121 Welch Way', '2519818052', 'M', '455294');
insert into Customer (CustomerId, CustomerName, Address, Phone, Gender, Income) values (62, 'Jenifer Trayte', '96 Iowa Alley', '9718211853', 'F', '373063');
insert into Customer (CustomerId, CustomerName, Address, Phone, Gender, Income) values (63, 'Nanny Brundill', '5 Mandrake Park', '3511211621', 'F', '436739');
insert into Customer (CustomerId, CustomerName, Address, Phone, Gender, Income) values (64, 'Putnem Pignon', '92684 Dunning Lane', '2218718325', 'M', '619147');
insert into Customer (CustomerId, CustomerName, Address, Phone, Gender, Income) values (65, 'Hugh Djurkovic', '904 Service Avenue', '7415119321', 'M', '244506');
insert into Customer (CustomerId, CustomerName, Address, Phone, Gender, Income) values (66, 'Maribeth Werner', '953 Union Parkway', '2518215595', 'F', '710577');
insert into Customer (CustomerId, CustomerName, Address, Phone, Gender, Income) values (67, 'Madlen Darnbrook', '8 Carpenter Park', '8014916617', 'F', '984399');
insert into Customer (CustomerId, CustomerName, Address, Phone, Gender, Income) values (68, 'Anson Gooders', '68 Loeprich Junction', '4013518664', 'M', '836505');
insert into Customer (CustomerId, CustomerName, Address, Phone, Gender, Income) values (69, 'Nanny Duxfield', '4170 Elgar Point', '2119612933', 'F', '819290');
insert into Customer (CustomerId, CustomerName, Address, Phone, Gender, Income) values (70, 'Kenneth Casswell', '97020 Schlimgen Street', '6116918517', 'M', '843868');
insert into Customer (CustomerId, CustomerName, Address, Phone, Gender, Income) values (71, 'Leta Jarrette', '6682 Swallow Street', '7313319621', 'F', '256272');
insert into Customer (CustomerId, CustomerName, Address, Phone, Gender, Income) values (72, 'Clare Gepheart', '02 Kensington Alley', '4011018812', 'M', '568768');
insert into Customer (CustomerId, CustomerName, Address, Phone, Gender, Income) values (73, 'Chane Lomax', '7 Kensington Park', '9711125540', 'M', '128045');
insert into Customer (CustomerId, CustomerName, Address, Phone, Gender, Income) values (74, 'Hilda Bicksteth', '65 Roxbury Place', '6324025991', 'F', '839755');
insert into Customer (CustomerId, CustomerName, Address, Phone, Gender, Income) values (75, 'Gilli Nuschke', '327 Tony Junction', '9221220496', 'F', '550043');
insert into Customer (CustomerId, CustomerName, Address, Phone, Gender, Income) values (76, 'Tyson Fraczkiewicz', '5 Sunfield Plaza', '3125023906', 'M', '434042');
insert into Customer (CustomerId, CustomerName, Address, Phone, Gender, Income) values (77, 'Lalo Muncey', '539 Miller Road', '9926025456', 'M', '447633');
insert into Customer (CustomerId, CustomerName, Address, Phone, Gender, Income) values (78, 'Henrie Cashman', '65 Sommers Center', '9428423394', 'F', '97585');
insert into Customer (CustomerId, CustomerName, Address, Phone, Gender, Income) values (79, 'Velma Moses', '774 Lakeland Pass', '6324326131', 'F', '143986');
insert into Customer (CustomerId, CustomerName, Address, Phone, Gender, Income) values (80, 'Lora Drewe', '6 American Ash Park', '9428525128', 'F', '770927');
insert into Customer (CustomerId, CustomerName, Address, Phone, Gender, Income) values (81, 'Shelly McElvine', '46042 International Place', '7929425204', 'F', '940770');
insert into Customer (CustomerId, CustomerName, Address, Phone, Gender, Income) values (82, 'Faunie Fairburne', '2158 Evergreen Trail', '9629926470', 'F', '862035');
insert into Customer (CustomerId, CustomerName, Address, Phone, Gender, Income) values (83, 'Aubree Wands', '847 Holmberg Park', '6222321621', 'F', '434320');
insert into Customer (CustomerId, CustomerName, Address, Phone, Gender, Income) values (84, 'Ingrim Cleator', '9 Manitowish Plaza', '4825325237', 'M', '713440');
insert into Customer (CustomerId, CustomerName, Address, Phone, Gender, Income) values (85, 'Wendel Looks', '72605 Luster Avenue', '1626229058', 'M', '210117');
insert into Customer (CustomerId, CustomerName, Address, Phone, Gender, Income) values (86, 'Cynthia Robbert', '388 Division Road', '1021129223', 'F', '414175');
insert into Customer (CustomerId, CustomerName, Address, Phone, Gender, Income) values (87, 'Reggi Streatfield', '4397 Burning Wood Street', '9122123327', 'F', '625305');
insert into Customer (CustomerId, CustomerName, Address, Phone, Gender, Income) values (88, 'Sandor Esposito', '11 Pine View Street', '6928924092', 'M', '394215');
insert into Customer (CustomerId, CustomerName, Address, Phone, Gender, Income) values (89, 'Neron Jurick', '2388 Vidon Hill', '9829123336', 'M', '648043');
insert into Customer (CustomerId, CustomerName, Address, Phone, Gender, Income) values (90, 'Adolphus Delmonti', '1 Fordem Pass', '3129424633', 'M', '792069');
insert into Customer (CustomerId, CustomerName, Address, Phone, Gender, Income) values (91, 'Nicolle Colliard', '035 Elka Lane', '8823421349', 'F', '696525');
insert into Customer (CustomerId, CustomerName, Address, Phone, Gender, Income) values (92, 'Nealson Sissland', '4 Northview Center', '2729821072', 'M', '822313');
insert into Customer (CustomerId, CustomerName, Address, Phone, Gender, Income) values (93, 'Emera Gairdner', '9527 Carioca Center', '8328927666', 'F', '345480');
insert into Customer (CustomerId, CustomerName, Address, Phone, Gender, Income) values (94, 'Tomkin Stanislaw', '992 Debra Circle', '3723029106', 'M', '461284');
insert into Customer (CustomerId, CustomerName, Address, Phone, Gender, Income) values (95, 'Edmon Osgerby', '32212 School Court', '4624424688', 'M', '83023');
insert into Customer (CustomerId, CustomerName, Address, Phone, Gender, Income) values (96, 'Ryley Blanque', '849 Miller Park', '3629529172', 'M', '806790');
insert into Customer (CustomerId, CustomerName, Address, Phone, Gender, Income) values (97, 'Roselin Coners', '0 Continental Trail', '9621625512', 'F', '613471');
insert into Customer (CustomerId, CustomerName, Address, Phone, Gender, Income) values (98, 'Sile Churches', '60 Anzinger Parkway', '4924527923', 'F', '309404');
insert into Customer (CustomerId, CustomerName, Address, Phone, Gender, Income) values (99, 'Felisha Bodicum', '3356 Raven Junction', '1722222908', 'F', '742396');
insert into Customer (CustomerId, CustomerName, Address, Phone, Gender, Income) values (100, 'Ray Baughen', '231 Heffernan Drive', '3729520311', 'M', '871002');
insert into Customer (CustomerId, CustomerName, Address, Phone, Gender, Income) values (101, 'Marney Blunkett', '063 Buell Way', '9621028772', 'F', '879242');
insert into Customer (CustomerId, CustomerName, Address, Phone, Gender, Income) values (102, 'Tito Checcuzzi', '95 Stuart Court', '2522129359', 'M', '440828');
insert into Customer (CustomerId, CustomerName, Address, Phone, Gender, Income) values (103, 'Janet Camerati', '75 Pleasure Trail', '6026922999', 'F', '108740');
insert into Customer (CustomerId, CustomerName, Address, Phone, Gender, Income) values (104, 'Nadiya Gile', '671 Vera Street', '6927829924', 'F', '86666');
insert into Customer (CustomerId, CustomerName, Address, Phone, Gender, Income) values (105, 'Roanne Bruck', '6321 Del Mar Trail', '3629225346', 'F', '611655');
insert into Customer (CustomerId, CustomerName, Address, Phone, Gender, Income) values (106, 'Gareth Mitton', '2121 Gateway Avenue', '4221229426', 'M', '704868');
insert into Customer (CustomerId, CustomerName, Address, Phone, Gender, Income) values (107, 'Joey Courage', '5496 Anthes Hill', '4923823868', 'F', '976219');
insert into Customer (CustomerId, CustomerName, Address, Phone, Gender, Income) values (108, 'Fania Pardy', '5075 Blaine Plaza', '8228323768', 'F', '156206');
insert into Customer (CustomerId, CustomerName, Address, Phone, Gender, Income) values (109, 'Domini Terrazzo', '233 Eliot Plaza', '4625223015', 'F', '730326');
insert into Customer (CustomerId, CustomerName, Address, Phone, Gender, Income) values (110, 'Tally Roistone', '72 Gina Trail', '9525229478', 'F', '903570');
insert into Customer (CustomerId, CustomerName, Address, Phone, Gender, Income) values (111, 'Pennie Geraldini', '33 Bluestem Road', '8526022108', 'F', '701487');
insert into Customer (CustomerId, CustomerName, Address, Phone, Gender, Income) values (112, 'Kerr Ligerton', '16 Fairfield Circle', '7724626498', 'M', '158719');
insert into Customer (CustomerId, CustomerName, Address, Phone, Gender, Income) values (113, 'Ellary Larwell', '4441 Northport Pass', '9223529906', 'M', '990701');
insert into Customer (CustomerId, CustomerName, Address, Phone, Gender, Income) values (114, 'Rustin Townsend', '95636 Mccormick Park', '8125831480', 'M', '761657');
insert into Customer (CustomerId, CustomerName, Address, Phone, Gender, Income) values (115, 'Naoma Shorte', '65051 Florence Drive', '6134935481', 'F', '949904');
insert into Customer (CustomerId, CustomerName, Address, Phone, Gender, Income) values (116, 'Francisco Stothart', '63 Milwaukee Drive', '7439539564', 'M', '569298');
insert into Customer (CustomerId, CustomerName, Address, Phone, Gender, Income) values (117, 'Roxy Copping', '9215 Thackeray Hill', '7439931507', 'F', '592301');
insert into Customer (CustomerId, CustomerName, Address, Phone, Gender, Income) values (118, 'Mill Ritchman', '7 Golf View Alley', '5536532886', 'M', '240107');
insert into Customer (CustomerId, CustomerName, Address, Phone, Gender, Income) values (119, 'Jeanna Hoys', '331 Vermont Drive', '4232734967', 'F', '812574');
insert into Customer (CustomerId, CustomerName, Address, Phone, Gender, Income) values (120, 'Joycelin Colleford', '38 Corben Court', '1033432034', 'F', '816407');
insert into Customer (CustomerId, CustomerName, Address, Phone, Gender, Income) values (121, 'Tiebout Van den Broek', '81626 Fremont Plaza', '6036933209', 'M', '385410');
insert into Customer (CustomerId, CustomerName, Address, Phone, Gender, Income) values (122, 'Derry Thrasher', '032 Maple Street', '6931530739', 'M', '903877');
insert into Customer (CustomerId, CustomerName, Address, Phone, Gender, Income) values (123, 'Consolata Ranger', '9237 Sullivan Point', '9039236379', 'F', '595416');
insert into Customer (CustomerId, CustomerName, Address, Phone, Gender, Income) values (124, 'Eldridge Bollon', '64120 Thierer Alley', '1931830913', 'M', '949248');
insert into Customer (CustomerId, CustomerName, Address, Phone, Gender, Income) values (125, 'Darryl Townrow', '6 Dahle Center', '9138133186', 'F', '769259');
insert into Customer (CustomerId, CustomerName, Address, Phone, Gender, Income) values (126, 'Fernanda Meeking', '3163 Schlimgen Junction', '6334139457', 'F', '181256');
insert into Customer (CustomerId, CustomerName, Address, Phone, Gender, Income) values (127, 'Kriste Staff', '27 Vidon Center', '2638839277', 'F', '342456');
insert into Customer (CustomerId, CustomerName, Address, Phone, Gender, Income) values (128, 'Maxim Girault', '77497 Schurz Parkway', '3437331177', 'M', '953550');
insert into Customer (CustomerId, CustomerName, Address, Phone, Gender, Income) values (129, 'Fleming Cayzer', '5907 Meadow Ridge Junction', '3936139723', 'M', '680985');
insert into Customer (CustomerId, CustomerName, Address, Phone, Gender, Income) values (130, 'Carlos Sallans', '997 Debs Place', '9934338193', 'M', '259807');
insert into Customer (CustomerId, CustomerName, Address, Phone, Gender, Income) values (131, 'Jermaine Rawsthorne', '7 Division Hill', '8737933794', 'M', '296202');
insert into Customer (CustomerId, CustomerName, Address, Phone, Gender, Income) values (132, 'Torr Borham', '1841 La Follette Lane', '2132638134', 'M', '411766');
insert into Customer (CustomerId, CustomerName, Address, Phone, Gender, Income) values (133, 'Mozelle Divall', '4884 Darwin Center', '3233736350', 'F', '647113');
insert into Customer (CustomerId, CustomerName, Address, Phone, Gender, Income) values (134, 'Konstantin Nairy', '9566 Roth Center', '2238334338', 'M', '200924');
insert into Customer (CustomerId, CustomerName, Address, Phone, Gender, Income) values (135, 'Tallia Kulic', '21 Linden Place', '2931832214', 'F', '968591');
insert into Customer (CustomerId, CustomerName, Address, Phone, Gender, Income) values (136, 'Masha Woolrich', '98911 International Avenue', '7733937272', 'F', '136705');
insert into Customer (CustomerId, CustomerName, Address, Phone, Gender, Income) values (137, 'Michele Ghidelli', '5 Pierstorff Place', '4132434438', 'F', '967105');
insert into Customer (CustomerId, CustomerName, Address, Phone, Gender, Income) values (138, 'Granthem Lynde', '1 Daystar Plaza', '7136335675', 'M', '100532');
insert into Customer (CustomerId, CustomerName, Address, Phone, Gender, Income) values (139, 'Sissy Copley', '94 Basil Plaza', '5131331334', 'F', '800485');
insert into Customer (CustomerId, CustomerName, Address, Phone, Gender, Income) values (140, 'Bonnibelle Pick', '549 Delaware Road', '2639638989', 'F', '57135');
insert into Customer (CustomerId, CustomerName, Address, Phone, Gender, Income) values (141, 'Lauritz Pawellek', '052 Express Place', '4034535302', 'M', '626243');
insert into Customer (CustomerId, CustomerName, Address, Phone, Gender, Income) values (142, 'Elenore Andrejs', '95 Lien Trail', '7833434363', 'F', '652028');
insert into Customer (CustomerId, CustomerName, Address, Phone, Gender, Income) values (143, 'Agna Greenrod', '84330 Hermina Street', '9539733810', 'F', '714197');
insert into Customer (CustomerId, CustomerName, Address, Phone, Gender, Income) values (144, 'Darcy Pethybridge', '56 Springs Circle', '2939835548', 'F', '883200');
insert into Customer (CustomerId, CustomerName, Address, Phone, Gender, Income) values (145, 'Mordy Henze', '9780 Graedel Road', '6833034633', 'M', '943711');
insert into Customer (CustomerId, CustomerName, Address, Phone, Gender, Income) values (146, 'Charil Meddows', '3 Lighthouse Bay Crossing', '9138532513', 'F', '868622');
insert into Customer (CustomerId, CustomerName, Address, Phone, Gender, Income) values (147, 'Dunstan Berkelay', '292 Washington Trail', '4535331247', 'M', '443552');
insert into Customer (CustomerId, CustomerName, Address, Phone, Gender, Income) values (148, 'Willi Messom', '3726 Northland Hill', '5332132184', 'F', '642041');
insert into Customer (CustomerId, CustomerName, Address, Phone, Gender, Income) values (149, 'Melisa Glencros', '356 Laurel Drive', '3136435028', 'F', '198729');
insert into Customer (CustomerId, CustomerName, Address, Phone, Gender, Income) values (150, 'Harper Whitehorne', '1 Calypso Drive', '4139139325', 'M', '163711');
insert into Customer (CustomerId, CustomerName, Address, Phone, Gender, Income) values (151, 'Valeria Antcliffe', '718 Upham Plaza', '3133139936', 'F', '404580');
insert into Customer (CustomerId, CustomerName, Address, Phone, Gender, Income) values (152, 'Brear Silbermann', '36 Swallow Alley', '5236133086', 'F', '644027');
insert into Customer (CustomerId, CustomerName, Address, Phone, Gender, Income) values (153, 'Jeddy Kinkaid', '0 Rieder Alley', '5237932267', 'M', '624591');
insert into Customer (CustomerId, CustomerName, Address, Phone, Gender, Income) values (154, 'Kirsteni Piche', '517 Everett Park', '4835137005', 'F', '926905');
insert into Customer (CustomerId, CustomerName, Address, Phone, Gender, Income) values (155, 'Garnette Rubenovic', '8 Dixon Pass', '6535632040', 'F', '287085');
insert into Customer (CustomerId, CustomerName, Address, Phone, Gender, Income) values (156, 'Jaime Studders', '383 Crownhardt Center', '5437931188', 'F', '590601');
insert into Customer (CustomerId, CustomerName, Address, Phone, Gender, Income) values (157, 'Sayer Storton', '608 Amoth Parkway', '9533238250', 'M', '616999');
insert into Customer (CustomerId, CustomerName, Address, Phone, Gender, Income) values (158, 'Nicolle Macro', '55273 Nevada Terrace', '3531935890', 'F', '509052');
insert into Customer (CustomerId, CustomerName, Address, Phone, Gender, Income) values (159, 'Byram Cutler', '5 Packers Street', '9039536794', 'M', '258705');
insert into Customer (CustomerId, CustomerName, Address, Phone, Gender, Income) values (160, 'Nicol Causier', '369 Porter Plaza', '2236136501', 'F', '979258');
insert into Customer (CustomerId, CustomerName, Address, Phone, Gender, Income) values (161, 'Adelaida Allsebrook', '80 Lakeland Trail', '1931431611', 'F', '614528');
insert into Customer (CustomerId, CustomerName, Address, Phone, Gender, Income) values (162, 'Robbie Lillistone', '4585 Menomonie Park', '2533634988', 'F', '618508');
insert into Customer (CustomerId, CustomerName, Address, Phone, Gender, Income) values (163, 'Marnie Worthy', '75 Monica Road', '1338039829', 'F', '50811');
insert into Customer (CustomerId, CustomerName, Address, Phone, Gender, Income) values (164, 'Helli Odgers', '3325 Porter Parkway', '6431433297', 'F', '173638');
insert into Customer (CustomerId, CustomerName, Address, Phone, Gender, Income) values (165, 'Wynne Paddingdon', '989 Morrow Way', '3233739048', 'F', '246808');
insert into Customer (CustomerId, CustomerName, Address, Phone, Gender, Income) values (166, 'Dorothee Avrahamof', '373 Columbus Center', '2632836542', 'F', '613308');
insert into Customer (CustomerId, CustomerName, Address, Phone, Gender, Income) values (167, 'Bronnie Nail', '964 Amoth Terrace', '7239530894', 'M', '869630');
insert into Customer (CustomerId, CustomerName, Address, Phone, Gender, Income) values (168, 'Gibby Cardenas', '8684 Summit Point', '2938633382', 'M', '197314');
insert into Customer (CustomerId, CustomerName, Address, Phone, Gender, Income) values (169, 'Ruth Perrott', '465 Browning Circle', '4937034337', 'F', '175532');
insert into Customer (CustomerId, CustomerName, Address, Phone, Gender, Income) values (170, 'Franciskus Alliott', '519 Arizona Park', '7537132434', 'M', '720616');
insert into Customer (CustomerId, CustomerName, Address, Phone, Gender, Income) values (171, 'Rhona Dodswell', '967 Katie Crossing', '7438038013', 'F', '309680');
insert into Customer (CustomerId, CustomerName, Address, Phone, Gender, Income) values (172, 'Evin Mullord', '9 Orin Center', '8739634514', 'M', '69072');
insert into Customer (CustomerId, CustomerName, Address, Phone, Gender, Income) values (173, 'Granger Douthwaite', '1 Mitchell Street', '7836535507', 'M', '678686');
insert into Customer (CustomerId, CustomerName, Address, Phone, Gender, Income) values (174, 'Joelly Overbury', '0481 Lakewood Gardens Road', '7933938727', 'F', '588333');
insert into Customer (CustomerId, CustomerName, Address, Phone, Gender, Income) values (175, 'Perri Mallya', '80075 Hallows Street', '2934434585', 'F', '76997');
insert into Customer (CustomerId, CustomerName, Address, Phone, Gender, Income) values (176, 'Florida Priestland', '3 Hoffman Junction', '9531333263', 'F', '618680');
insert into Customer (CustomerId, CustomerName, Address, Phone, Gender, Income) values (177, 'Sadella Filisov', '103 Pine View Alley', '3637230536', 'F', '248423');
insert into Customer (CustomerId, CustomerName, Address, Phone, Gender, Income) values (178, 'Dinny Fenny', '9834 Londonderry Hill', '7736430373', 'F', '999623');
insert into Customer (CustomerId, CustomerName, Address, Phone, Gender, Income) values (179, 'Albrecht Rigmond', '989 Red Cloud Parkway', '7738838763', 'M', '889812');
insert into Customer (CustomerId, CustomerName, Address, Phone, Gender, Income) values (180, 'Cecilius Steptoe', '915 Ronald Regan Terrace', '9135731710', 'M', '140589');
insert into Customer (CustomerId, CustomerName, Address, Phone, Gender, Income) values (181, 'Anet Hindmore', '48980 Ridge Oak Park', '7731339185', 'F', '944771');
insert into Customer (CustomerId, CustomerName, Address, Phone, Gender, Income) values (182, 'Zaccaria Ockendon', '9 Riverside Alley', '6633739395', 'M', '237669');
insert into Customer (CustomerId, CustomerName, Address, Phone, Gender, Income) values (183, 'Mikel Kurt', '155 Pleasure Plaza', '2341442305', 'M', '95501');
insert into Customer (CustomerId, CustomerName, Address, Phone, Gender, Income) values (184, 'Joelynn Ganforth', '541 Maple Wood Plaza', '4348241175', 'F', '363051');
insert into Customer (CustomerId, CustomerName, Address, Phone, Gender, Income) values (185, 'Amara Cloutt', '62 Emmet Hill', '8142648046', 'F', '860837');
insert into Customer (CustomerId, CustomerName, Address, Phone, Gender, Income) values (186, 'Janella Davydzenko', '6756 Raven Court', '2347744212', 'F', '784398');
insert into Customer (CustomerId, CustomerName, Address, Phone, Gender, Income) values (187, 'Suellen Carlan', '7985 Heffernan Court', '2748343652', 'F', '470115');
insert into Customer (CustomerId, CustomerName, Address, Phone, Gender, Income) values (188, 'Teodoor Marl', '49 Dapin Hill', '5749144766', 'M', '220140');
insert into Customer (CustomerId, CustomerName, Address, Phone, Gender, Income) values (189, 'Skell Rosser', '387 West Hill', '1848940640', 'M', '190849');
insert into Customer (CustomerId, CustomerName, Address, Phone, Gender, Income) values (190, 'Ebenezer Kirsopp', '5 Towne Lane', '2142848271', 'M', '483767');
insert into Customer (CustomerId, CustomerName, Address, Phone, Gender, Income) values (191, 'Hubie O'' Driscoll', '00347 Sauthoff Plaza', '6347344553', 'M', '485660');
insert into Customer (CustomerId, CustomerName, Address, Phone, Gender, Income) values (192, 'Clayborne Drews', '3869 Becker Trail', '3443740820', 'M', '430768');
insert into Customer (CustomerId, CustomerName, Address, Phone, Gender, Income) values (193, 'Rheta Tidcombe', '22 Judy Trail', '9047548281', 'F', '794169');
insert into Customer (CustomerId, CustomerName, Address, Phone, Gender, Income) values (194, 'Curran Gooden', '00300 Meadow Ridge Junction', '7745047073', 'M', '136778');
insert into Customer (CustomerId, CustomerName, Address, Phone, Gender, Income) values (195, 'Naoma Hirche', '8 John Wall Place', '4248047142', 'F', '472792');
insert into Customer (CustomerId, CustomerName, Address, Phone, Gender, Income) values (196, 'Doralynn MacAndreis', '0 Nobel Lane', '6345145552', 'F', '47311');
insert into Customer (CustomerId, CustomerName, Address, Phone, Gender, Income) values (197, 'Waylon Schnieder', '488 Knutson Way', '5644440713', 'M', '941841');
insert into Customer (CustomerId, CustomerName, Address, Phone, Gender, Income) values (198, 'Barclay Readwing', '115 Lindbergh Road', '7247040944', 'M', '619870');
insert into Customer (CustomerId, CustomerName, Address, Phone, Gender, Income) values (199, 'Julissa Kearsley', '7848 Anzinger Terrace', '3748844097', 'F', '245388');
insert into Customer (CustomerId, CustomerName, Address, Phone, Gender, Income) values (200, 'Tessa Leyes', '2533 Melody Court', '9244546305', 'F', '281246');

-- Dealer Test Data
insert into Dealer (DealerId, DealerName, Address) values (1, 'Trippledex', '80991 Grover Crossing');
insert into Dealer (DealerId, DealerName, Address) values (2, 'Quo Lux', '73893 Ridge Oak Center');
insert into Dealer (DealerId, DealerName, Address) values (3, 'Transcof', '2 Dahle Court');
insert into Dealer (DealerId, DealerName, Address) values (4, 'Tempsoft', '7 Memorial Road');
insert into Dealer (DealerId, DealerName, Address) values (5, 'Bigtax', '26 Eliot Trail');
insert into Dealer (DealerId, DealerName, Address) values (6, 'Zaam-Dox', '71 Cambridge Avenue');
insert into Dealer (DealerId, DealerName, Address) values (7, 'Prodder', '12 Brickson Park Hill');
insert into Dealer (DealerId, DealerName, Address) values (8, 'Bytecard', '36637 Buell Alley');
insert into Dealer (DealerId, DealerName, Address) values (9, 'Matsoft', '444 Vera Terrace');
insert into Dealer (DealerId, DealerName, Address) values (10, 'Cookley', '8477 Amoth Pass');
insert into Dealer (DealerId, DealerName, Address) values (11, 'Job', '72206 Tony Crossing');
insert into Dealer (DealerId, DealerName, Address) values (12, 'Greenlam', '5527 Lukken Parkway');
insert into Dealer (DealerId, DealerName, Address) values (13, 'Home Ing', '75925 Kingsford Plaza');
insert into Dealer (DealerId, DealerName, Address) values (14, 'Lotlux', '67 Fulton Alley');
insert into Dealer (DealerId, DealerName, Address) values (15, 'Sonsing', '7592 Northridge Trail');
insert into Dealer (DealerId, DealerName, Address) values (16, 'Sonair', '56 Hoffman Avenue');
insert into Dealer (DealerId, DealerName, Address) values (17, 'Domainer', '25706 Randy Way');
insert into Dealer (DealerId, DealerName, Address) values (18, 'Duobam', '779 Express Alley');
insert into Dealer (DealerId, DealerName, Address) values (19, 'Sonsing', '5602 Continental Parkway');
insert into Dealer (DealerId, DealerName, Address) values (20, 'Flexidy', '4260 Katie Drive');
insert into Dealer (DealerId, DealerName, Address) values (21, 'Viva', '57223 Algoma Terrace');
insert into Dealer (DealerId, DealerName, Address) values (22, 'Duobam', '6 Bay Alley');
insert into Dealer (DealerId, DealerName, Address) values (23, 'Latlux', '85 Darwin Parkway');
insert into Dealer (DealerId, DealerName, Address) values (24, 'Andalax', '358 Bayside Hill');
insert into Dealer (DealerId, DealerName, Address) values (25, 'Temp', '03 Kenwood Park');

-- Engine Test Data
insert into Engine (EngineId, EngineName, Cylinders, Horsepower) values (1, 'FII-312', 5, 190);
insert into Engine (EngineId, EngineName, Cylinders, Horsepower) values (2, 'DNM-277', 10, 200);
insert into Engine (EngineId, EngineName, Cylinders, Horsepower) values (3, 'JSF-407', 8, 220);
insert into Engine (EngineId, EngineName, Cylinders, Horsepower) values (4, 'WYH-204', 8, 250);
insert into Engine (EngineId, EngineName, Cylinders, Horsepower) values (5, 'TXU-967', 5, 190);
insert into Engine (EngineId, EngineName, Cylinders, Horsepower) values (6, 'ZZS-229', 8, 350);
insert into Engine (EngineId, EngineName, Cylinders, Horsepower) values (7, 'TXO-982', 10, 200);
insert into Engine (EngineId, EngineName, Cylinders, Horsepower) values (8, 'KQJ-168', 8, 250);
insert into Engine (EngineId, EngineName, Cylinders, Horsepower) values (9, 'STO-793', 6, 290);
insert into Engine (EngineId, EngineName, Cylinders, Horsepower) values (10, 'SPH-537', 6, 300);
insert into Engine (EngineId, EngineName, Cylinders, Horsepower) values (11, 'DDR-833', 8, 190);
insert into Engine (EngineId, EngineName, Cylinders, Horsepower) values (12, 'PGQ-679', 4, 300);
insert into Engine (EngineId, EngineName, Cylinders, Horsepower) values (13, 'XZP-154', 5, 220);
insert into Engine (EngineId, EngineName, Cylinders, Horsepower) values (14, 'RIL-365', 10, 450);
insert into Engine (EngineId, EngineName, Cylinders, Horsepower) values (15, 'VXX-425', 10, 290);
insert into Engine (EngineId, EngineName, Cylinders, Horsepower) values (16, 'NVS-764', 4, 220);
insert into Engine (EngineId, EngineName, Cylinders, Horsepower) values (17, 'IGB-036', 4, 300);
insert into Engine (EngineId, EngineName, Cylinders, Horsepower) values (18, 'GEN-855', 10, 290);
insert into Engine (EngineId, EngineName, Cylinders, Horsepower) values (19, 'ZBX-761', 5, 300);
insert into Engine (EngineId, EngineName, Cylinders, Horsepower) values (20, 'QSV-575', 4, 450);
insert into Engine (EngineId, EngineName, Cylinders, Horsepower) values (21, 'DTD-577', 4, 200);
insert into Engine (EngineId, EngineName, Cylinders, Horsepower) values (22, 'ARG-987', 8, 220);
insert into Engine (EngineId, EngineName, Cylinders, Horsepower) values (23, 'CYS-332', 5, 450);
insert into Engine (EngineId, EngineName, Cylinders, Horsepower) values (24, 'ERA-862', 8, 250);
insert into Engine (EngineId, EngineName, Cylinders, Horsepower) values (25, 'BNX-979', 8, 290);
insert into Engine (EngineId, EngineName, Cylinders, Horsepower) values (26, 'LBY-783', 10, 190);
insert into Engine (EngineId, EngineName, Cylinders, Horsepower) values (27, 'NDT-452', 4, 250);
insert into Engine (EngineId, EngineName, Cylinders, Horsepower) values (28, 'VZZ-007', 5, 200);
insert into Engine (EngineId, EngineName, Cylinders, Horsepower) values (29, 'IQX-240', 10, 220);
insert into Engine (EngineId, EngineName, Cylinders, Horsepower) values (30, 'HHS-487', 5, 290);
insert into Engine (EngineId, EngineName, Cylinders, Horsepower) values (31, 'YOR-623', 8, 290);
insert into Engine (EngineId, EngineName, Cylinders, Horsepower) values (32, 'NIW-484', 10, 220);
insert into Engine (EngineId, EngineName, Cylinders, Horsepower) values (33, 'VFA-450', 4, 350);
insert into Engine (EngineId, EngineName, Cylinders, Horsepower) values (34, 'XZW-110', 10, 290);
insert into Engine (EngineId, EngineName, Cylinders, Horsepower) values (35, 'ICR-640', 5, 290);
insert into Engine (EngineId, EngineName, Cylinders, Horsepower) values (36, 'HEU-613', 6, 350);
insert into Engine (EngineId, EngineName, Cylinders, Horsepower) values (37, 'SEX-774', 4, 350);
insert into Engine (EngineId, EngineName, Cylinders, Horsepower) values (38, 'ZVM-451', 8, 190);
insert into Engine (EngineId, EngineName, Cylinders, Horsepower) values (39, 'OFY-502', 5, 450);
insert into Engine (EngineId, EngineName, Cylinders, Horsepower) values (40, 'HWF-525', 6, 450);
insert into Engine (EngineId, EngineName, Cylinders, Horsepower) values (41, 'AST-716', 10, 220);
insert into Engine (EngineId, EngineName, Cylinders, Horsepower) values (42, 'DEE-555', 10, 290);
insert into Engine (EngineId, EngineName, Cylinders, Horsepower) values (43, 'KIC-055', 8, 300);
insert into Engine (EngineId, EngineName, Cylinders, Horsepower) values (44, 'PFD-643', 5, 190);
insert into Engine (EngineId, EngineName, Cylinders, Horsepower) values (45, 'OCB-602', 8, 290);
insert into Engine (EngineId, EngineName, Cylinders, Horsepower) values (46, 'XLQ-989', 5, 450);
insert into Engine (EngineId, EngineName, Cylinders, Horsepower) values (47, 'XDY-623', 4, 290);
insert into Engine (EngineId, EngineName, Cylinders, Horsepower) values (48, 'EAY-508', 10, 190);
insert into Engine (EngineId, EngineName, Cylinders, Horsepower) values (49, 'MZE-021', 6, 350);
insert into Engine (EngineId, EngineName, Cylinders, Horsepower) values (50, 'OPW-043', 6, 220);

-- Model Test Data
insert into CarModel (ModelId, BrandId, ModelName, BodyStyleId) values (1, 1, 'JUKE', 1);
insert into CarModel (ModelId, BrandId, ModelName, BodyStyleId) values (2, 2, 'Miata MX-5', 2);
insert into CarModel (ModelId, BrandId, ModelName, BodyStyleId) values (3, 3, 'Galant', 3);
insert into CarModel (ModelId, BrandId, ModelName, BodyStyleId) values (4, 4, 'Accord', 4);
insert into CarModel (ModelId, BrandId, ModelName, BodyStyleId) values (5, 5, 'ZX2', 5);
insert into CarModel (ModelId, BrandId, ModelName, BodyStyleId) values (6, 6, 'Sentra', 6);
insert into CarModel (ModelId, BrandId, ModelName, BodyStyleId) values (7, 7, 'Achieva', 7);
insert into CarModel (ModelId, BrandId, ModelName, BodyStyleId) values (8, 8, 'E-Series', 8);
insert into CarModel (ModelId, BrandId, ModelName, BodyStyleId) values (9, 9, 'Mazda6 Sport', 9);
insert into CarModel (ModelId, BrandId, ModelName, BodyStyleId) values (10, 10, 'Ram Van B350', 10);
insert into CarModel (ModelId, BrandId, ModelName, BodyStyleId) values (11, 11, 'A4', 11);
insert into CarModel (ModelId, BrandId, ModelName, BodyStyleId) values (12, 12, 'ZDX', 12);
insert into CarModel (ModelId, BrandId, ModelName, BodyStyleId) values (13, 13, 'Cavalier', 13);
insert into CarModel (ModelId, BrandId, ModelName, BodyStyleId) values (14, 14, 'GTO', 14);
insert into CarModel (ModelId, BrandId, ModelName, BodyStyleId) values (15, 15, 'FJ Cruiser', 15);
insert into CarModel (ModelId, BrandId, ModelName, BodyStyleId) values (16, 16, 'F150', 16);
insert into CarModel (ModelId, BrandId, ModelName, BodyStyleId) values (17, 17, 'Sportvan G20', 17);
insert into CarModel (ModelId, BrandId, ModelName, BodyStyleId) values (18, 18, '240SX', 18);
insert into CarModel (ModelId, BrandId, ModelName, BodyStyleId) values (19, 19, 'VUE', 19);
insert into CarModel (ModelId, BrandId, ModelName, BodyStyleId) values (20, 20, 'F350', 20);
insert into CarModel (ModelId, BrandId, ModelName, BodyStyleId) values (21, 21, 'RAV4', 21);
insert into CarModel (ModelId, BrandId, ModelName, BodyStyleId) values (22, 22, 'XG350', 22);
insert into CarModel (ModelId, BrandId, ModelName, BodyStyleId) values (23, 23, 'Miata MX-5', 23);
insert into CarModel (ModelId, BrandId, ModelName, BodyStyleId) values (24, 24, 'Savana 3500', 24);
insert into CarModel (ModelId, BrandId, ModelName, BodyStyleId) values (25, 25, 'SLK-Class', 25);
insert into CarModel (ModelId, BrandId, ModelName, BodyStyleId) values (26, 26, '190E', 26);
insert into CarModel (ModelId, BrandId, ModelName, BodyStyleId) values (27, 27, 'Altima', 27);
insert into CarModel (ModelId, BrandId, ModelName, BodyStyleId) values (28, 28, 'S-Class', 28);
insert into CarModel (ModelId, BrandId, ModelName, BodyStyleId) values (29, 29, 'Mazda6', 29);
insert into CarModel (ModelId, BrandId, ModelName, BodyStyleId) values (30, 30, 'Pilot', 30);
insert into CarModel (ModelId, BrandId, ModelName, BodyStyleId) values (31, 31, '3 Series', 31);
insert into CarModel (ModelId, BrandId, ModelName, BodyStyleId) values (32, 32, 'Capri', 32);
insert into CarModel (ModelId, BrandId, ModelName, BodyStyleId) values (33, 33, '944', 33);
insert into CarModel (ModelId, BrandId, ModelName, BodyStyleId) values (34, 34, '500E', 34);
insert into CarModel (ModelId, BrandId, ModelName, BodyStyleId) values (35, 35, 'F-Series', 35);
insert into CarModel (ModelId, BrandId, ModelName, BodyStyleId) values (36, 36, '3500', 36);
insert into CarModel (ModelId, BrandId, ModelName, BodyStyleId) values (37, 37, 'Camry Solara', 37);
insert into CarModel (ModelId, BrandId, ModelName, BodyStyleId) values (38, 38, 'Esteem', 38);
insert into CarModel (ModelId, BrandId, ModelName, BodyStyleId) values (39, 39, 'XL-7', 39);
insert into CarModel (ModelId, BrandId, ModelName, BodyStyleId) values (40, 40, 'Escalade ESV', 40);
insert into CarModel (ModelId, BrandId, ModelName, BodyStyleId) values (41, 41, 'Cordia', 41);
insert into CarModel (ModelId, BrandId, ModelName, BodyStyleId) values (42, 42, 'XL7', 42);
insert into CarModel (ModelId, BrandId, ModelName, BodyStyleId) values (43, 43, 'Mountaineer', 43);
insert into CarModel (ModelId, BrandId, ModelName, BodyStyleId) values (44, 44, 'Boxster', 44);
insert into CarModel (ModelId, BrandId, ModelName, BodyStyleId) values (45, 45, '2500', 45);
insert into CarModel (ModelId, BrandId, ModelName, BodyStyleId) values (46, 46, 'Tacoma', 46);
insert into CarModel (ModelId, BrandId, ModelName, BodyStyleId) values (47, 47, 'RL', 47);
insert into CarModel (ModelId, BrandId, ModelName, BodyStyleId) values (48, 48, 'Roadmaster', 48);
insert into CarModel (ModelId, BrandId, ModelName, BodyStyleId) values (49, 49, 'Sentra', 49);
insert into CarModel (ModelId, BrandId, ModelName, BodyStyleId) values (50, 50, 'Veloster', 50);
insert into CarModel (ModelId, BrandId, ModelName, BodyStyleId) values (51, 51, 'Quattroporte', 51);
insert into CarModel (ModelId, BrandId, ModelName, BodyStyleId) values (52, 52, '3 Series', 52);
insert into CarModel (ModelId, BrandId, ModelName, BodyStyleId) values (53, 53, 'APV', 53);
insert into CarModel (ModelId, BrandId, ModelName, BodyStyleId) values (54, 54, 'Viper', 54);
insert into CarModel (ModelId, BrandId, ModelName, BodyStyleId) values (55, 55, 'Fox', 55);
insert into CarModel (ModelId, BrandId, ModelName, BodyStyleId) values (56, 56, 'S80', 56);
insert into CarModel (ModelId, BrandId, ModelName, BodyStyleId) values (57, 57, 'F430', 57);
insert into CarModel (ModelId, BrandId, ModelName, BodyStyleId) values (58, 58, 'Cougar', 58);
insert into CarModel (ModelId, BrandId, ModelName, BodyStyleId) values (59, 59, 'Silverado 3500', 59);
insert into CarModel (ModelId, BrandId, ModelName, BodyStyleId) values (60, 60, 'E-Series', 60);
insert into CarModel (ModelId, BrandId, ModelName, BodyStyleId) values (61, 61, 'Grand Am', 61);
insert into CarModel (ModelId, BrandId, ModelName, BodyStyleId) values (62, 62, 'Trooper', 62);
insert into CarModel (ModelId, BrandId, ModelName, BodyStyleId) values (63, 63, 'Windstar', 63);
insert into CarModel (ModelId, BrandId, ModelName, BodyStyleId) values (64, 64, 'Integra', 64);
insert into CarModel (ModelId, BrandId, ModelName, BodyStyleId) values (65, 65, 'Ram Van 3500', 65);
insert into CarModel (ModelId, BrandId, ModelName, BodyStyleId) values (66, 66, 'Vibe', 66);
insert into CarModel (ModelId, BrandId, ModelName, BodyStyleId) values (67, 67, 'QX', 67);
insert into CarModel (ModelId, BrandId, ModelName, BodyStyleId) values (68, 68, 'Colt Vista', 68);
insert into CarModel (ModelId, BrandId, ModelName, BodyStyleId) values (69, 69, 'Bravada', 69);
insert into CarModel (ModelId, BrandId, ModelName, BodyStyleId) values (70, 70, 'MKT', 70);
insert into CarModel (ModelId, BrandId, ModelName, BodyStyleId) values (71, 71, 'Typ-1', 71);
insert into CarModel (ModelId, BrandId, ModelName, BodyStyleId) values (72, 72, 'TL', 72);
insert into CarModel (ModelId, BrandId, ModelName, BodyStyleId) values (73, 73, '3500', 73);
insert into CarModel (ModelId, BrandId, ModelName, BodyStyleId) values (74, 74, 'Azure', 74);
insert into CarModel (ModelId, BrandId, ModelName, BodyStyleId) values (75, 75, 'Yukon', 75);
insert into CarModel (ModelId, BrandId, ModelName, BodyStyleId) values (76, 76, 'Fusion', 76);
insert into CarModel (ModelId, BrandId, ModelName, BodyStyleId) values (77, 77, 'Corvette', 77);
insert into CarModel (ModelId, BrandId, ModelName, BodyStyleId) values (78, 78, 'S2000', 78);
insert into CarModel (ModelId, BrandId, ModelName, BodyStyleId) values (79, 79, 'Scoupe', 79);
insert into CarModel (ModelId, BrandId, ModelName, BodyStyleId) values (80, 80, 'Cayman', 80);
insert into CarModel (ModelId, BrandId, ModelName, BodyStyleId) values (81, 81, 'Accord', 81);
insert into CarModel (ModelId, BrandId, ModelName, BodyStyleId) values (82, 82, 'Odyssey', 82);
insert into CarModel (ModelId, BrandId, ModelName, BodyStyleId) values (83, 83, 'Terrain', 83);
insert into CarModel (ModelId, BrandId, ModelName, BodyStyleId) values (84, 84, 'Expedition EL', 84);
insert into CarModel (ModelId, BrandId, ModelName, BodyStyleId) values (85, 85, 'Celica', 85);
insert into CarModel (ModelId, BrandId, ModelName, BodyStyleId) values (86, 86, 'Montero Sport', 86);
insert into CarModel (ModelId, BrandId, ModelName, BodyStyleId) values (87, 87, 'G', 87);
insert into CarModel (ModelId, BrandId, ModelName, BodyStyleId) values (88, 88, 'M-Class', 88);
insert into CarModel (ModelId, BrandId, ModelName, BodyStyleId) values (89, 89, 'Legend', 89);
insert into CarModel (ModelId, BrandId, ModelName, BodyStyleId) values (90, 90, 'CR-V', 90);
insert into CarModel (ModelId, BrandId, ModelName, BodyStyleId) values (91, 91, 'Tercel', 91);
insert into CarModel (ModelId, BrandId, ModelName, BodyStyleId) values (92, 92, '9-3', 92);
insert into CarModel (ModelId, BrandId, ModelName, BodyStyleId) values (93, 93, 'Savana 2500', 93);
insert into CarModel (ModelId, BrandId, ModelName, BodyStyleId) values (94, 94, 'Aerostar', 94);
insert into CarModel (ModelId, BrandId, ModelName, BodyStyleId) values (95, 95, 'HHR', 95);
insert into CarModel (ModelId, BrandId, ModelName, BodyStyleId) values (96, 96, 'Navigator', 96);
insert into CarModel (ModelId, BrandId, ModelName, BodyStyleId) values (97, 97, 'FF', 97);
insert into CarModel (ModelId, BrandId, ModelName, BodyStyleId) values (98, 98, 'CX-9', 98);
insert into CarModel (ModelId, BrandId, ModelName, BodyStyleId) values (99, 99, 'Regal', 99);
insert into CarModel (ModelId, BrandId, ModelName, BodyStyleId) values (100, 100, 'FJ Cruiser', 100);

-- Transmission Test Data
insert into Transmission (TranId, TranCode, TranType) values (1, '88-757-9142', 'Manual');
insert into Transmission (TranId, TranCode, TranType) values (2, '74-312-3188', 'Automatic');
insert into Transmission (TranId, TranCode, TranType) values (3, '18-847-3652', 'CVT');

-- Vehicle Test Data
insert into Vehicle (VIN, ModelId, DealerId, EngineId, TranId, ProductionDate, Color) values ('WAUXL68E94A197790', 44, 25, 17, 3, '24-Jun-1993', 'Blue');
insert into Vehicle (VIN, ModelId, DealerId, EngineId, TranId, ProductionDate, Color) values ('5N1AN0NW4EN228432', 33, 25, 15, 3, '13-Aug-1993', 'Maroon');
insert into Vehicle (VIN, ModelId, DealerId, EngineId, TranId, ProductionDate, Color) values ('1B3CB8HB9BD273401', 30, 24, 42, 3, '30-Sep-2008', 'Teal');
insert into Vehicle (VIN, ModelId, DealerId, EngineId, TranId, ProductionDate, Color) values ('WVGEF9BP1ED046547', 29, 13, 4, 2, '12-Aug-2013', 'Blue');
insert into Vehicle (VIN, ModelId, DealerId, EngineId, TranId, ProductionDate, Color) values ('JN1AZ4EH5CM235333', 40, 16, 46, 3, '12-Sep-2018', 'Crimson');
insert into Vehicle (VIN, ModelId, DealerId, EngineId, TranId, ProductionDate, Color) values ('2G4WC552271919730', 35, 19, 11, 3, '07-Jul-2019', 'Crimson');
insert into Vehicle (VIN, ModelId, DealerId, EngineId, TranId, ProductionDate, Color) values ('WAULC58E65A795913', 69, 4, 44, 3, '21-Jun-2010', 'Violet');
insert into Vehicle (VIN, ModelId, DealerId, EngineId, TranId, ProductionDate, Color) values ('2C3CCAFJ2DH147632', 92, 6, 7, 2, '04-Jan-1996', 'Maroon');
insert into Vehicle (VIN, ModelId, DealerId, EngineId, TranId, ProductionDate, Color) values ('WUAGL78EX6A114558', 25, 13, 9, 2, '13-Oct-2008', 'Goldenrod');
insert into Vehicle (VIN, ModelId, DealerId, EngineId, TranId, ProductionDate, Color) values ('WBAKF9C51CE799570', 23, 20, 17, 1, '04-Feb-2019', 'Blue');
insert into Vehicle (VIN, ModelId, DealerId, EngineId, TranId, ProductionDate, Color) values ('WVWAB7AJ4CW998105', 78, 22, 21, 1, '14-Apr-1997', 'Crimson');
insert into Vehicle (VIN, ModelId, DealerId, EngineId, TranId, ProductionDate, Color) values ('ZFF60FCA6A0652674', 22, 9, 5, 2, '24-Jul-2009', 'Crimson');
insert into Vehicle (VIN, ModelId, DealerId, EngineId, TranId, ProductionDate, Color) values ('WBADX1C5XDJ624637', 3, 5, 27, 2, '24-Apr-1997', 'Aquamarine');
insert into Vehicle (VIN, ModelId, DealerId, EngineId, TranId, ProductionDate, Color) values ('1FADP3E23FL581466', 42, 10, 19, 2, '14-Jun-1990', 'Orange');
insert into Vehicle (VIN, ModelId, DealerId, EngineId, TranId, ProductionDate, Color) values ('WAUSH78E97A200399', 86, 8, 36, 1, '10-Apr-2009', 'Indigo');
insert into Vehicle (VIN, ModelId, DealerId, EngineId, TranId, ProductionDate, Color) values ('JTEBU5JR9B5109355', 80, 24, 35, 1, '05-Jul-1997', 'Purple');
insert into Vehicle (VIN, ModelId, DealerId, EngineId, TranId, ProductionDate, Color) values ('1G6DL67A590502111', 62, 6, 22, 2, '28-Mar-1995', 'Khaki');
insert into Vehicle (VIN, ModelId, DealerId, EngineId, TranId, ProductionDate, Color) values ('1N4AB7AP4EN296689', 65, 11, 4, 2, '26-May-2017', 'Green');
insert into Vehicle (VIN, ModelId, DealerId, EngineId, TranId, ProductionDate, Color) values ('2C3CDYCJ6CH540798', 42, 4, 32, 2, '26-Apr-2000', 'Purple');
insert into Vehicle (VIN, ModelId, DealerId, EngineId, TranId, ProductionDate, Color) values ('JM1NC2LF1C0007858', 77, 16, 26, 1, '08-Aug-2018', 'Crimson');
insert into Vehicle (VIN, ModelId, DealerId, EngineId, TranId, ProductionDate, Color) values ('1FTMF1EWXAK663811', 76, 22, 13, 2, '06-Nov-1993', 'Maroon');
insert into Vehicle (VIN, ModelId, DealerId, EngineId, TranId, ProductionDate, Color) values ('137ZA90371E591289', 19, 14, 38, 3, '05-Feb-1993', 'Aquamarine');
insert into Vehicle (VIN, ModelId, DealerId, EngineId, TranId, ProductionDate, Color) values ('WVWAA7AJ8CW060014', 65, 2, 5, 1, '27-Apr-2018', 'Puce');
insert into Vehicle (VIN, ModelId, DealerId, EngineId, TranId, ProductionDate, Color) values ('1G6DC8E39E0118732', 53, 3, 36, 2, '03-Mar-2016', 'Orange');
insert into Vehicle (VIN, ModelId, DealerId, EngineId, TranId, ProductionDate, Color) values ('1GD312CG7DF460513', 33, 13, 23, 3, '08-Mar-2015', 'Indigo');
insert into Vehicle (VIN, ModelId, DealerId, EngineId, TranId, ProductionDate, Color) values ('JN1AZ4EH0AM675716', 10, 10, 7, 2, '13-May-1996', 'Teal');
insert into Vehicle (VIN, ModelId, DealerId, EngineId, TranId, ProductionDate, Color) values ('YV1940ASXD1078727', 70, 6, 45, 3, '15-Sep-2010', 'Puce');
insert into Vehicle (VIN, ModelId, DealerId, EngineId, TranId, ProductionDate, Color) values ('JN1CV6EK7FM586745', 93, 8, 49, 3, '08-Jun-2002', 'Goldenrod');
insert into Vehicle (VIN, ModelId, DealerId, EngineId, TranId, ProductionDate, Color) values ('WA1DGAFE7DD845006', 69, 10, 49, 1, '11-Nov-2001', 'Khaki');
insert into Vehicle (VIN, ModelId, DealerId, EngineId, TranId, ProductionDate, Color) values ('WBAFZ9C57DD235468', 93, 20, 16, 2, '10-Jul-1996', 'Violet');
insert into Vehicle (VIN, ModelId, DealerId, EngineId, TranId, ProductionDate, Color) values ('JTHKD5BH6C2231165', 71, 10, 46, 2, '02-Dec-2013', 'Maroon');
insert into Vehicle (VIN, ModelId, DealerId, EngineId, TranId, ProductionDate, Color) values ('WAUMK98K89N692785', 52, 12, 8, 2, '24-May-2012', 'Purple');
insert into Vehicle (VIN, ModelId, DealerId, EngineId, TranId, ProductionDate, Color) values ('2C3CA5CG4BH281335', 80, 24, 13, 1, '16-Feb-2015', 'Green');
insert into Vehicle (VIN, ModelId, DealerId, EngineId, TranId, ProductionDate, Color) values ('WAUUL58E75A860921', 6, 6, 16, 2, '11-Aug-1997', 'Violet');
insert into Vehicle (VIN, ModelId, DealerId, EngineId, TranId, ProductionDate, Color) values ('WA1VMBFP3EA394857', 74, 19, 5, 2, '23-Jul-1996', 'Aquamarine');
insert into Vehicle (VIN, ModelId, DealerId, EngineId, TranId, ProductionDate, Color) values ('2C3CDXJG0EH472860', 64, 8, 42, 3, '22-Apr-2008', 'Yellow');
insert into Vehicle (VIN, ModelId, DealerId, EngineId, TranId, ProductionDate, Color) values ('1G6DP1ED7B0347572', 2, 1, 16, 2, '18-Oct-2004', 'Orange');
insert into Vehicle (VIN, ModelId, DealerId, EngineId, TranId, ProductionDate, Color) values ('SCFEBBCF5BG271238', 59, 2, 18, 3, '20-Apr-1991', 'Purple');
insert into Vehicle (VIN, ModelId, DealerId, EngineId, TranId, ProductionDate, Color) values ('5N1AR1NB4CC495649', 22, 21, 36, 3, '28-Feb-2006', 'Aquamarine');
insert into Vehicle (VIN, ModelId, DealerId, EngineId, TranId, ProductionDate, Color) values ('KL4CJHSB7FB217544', 81, 12, 41, 3, '13-Jul-1997', 'Puce');
insert into Vehicle (VIN, ModelId, DealerId, EngineId, TranId, ProductionDate, Color) values ('JA32U2FU7DU596711', 76, 4, 11, 1, '17-Aug-1990', 'Fuscia');
insert into Vehicle (VIN, ModelId, DealerId, EngineId, TranId, ProductionDate, Color) values ('WAUSH78EX8A722590', 30, 19, 23, 2, '28-Oct-2012', 'Khaki');
insert into Vehicle (VIN, ModelId, DealerId, EngineId, TranId, ProductionDate, Color) values ('1FTWW3A53AE050428', 24, 12, 7, 3, '31-Dec-1991', 'Purple');
insert into Vehicle (VIN, ModelId, DealerId, EngineId, TranId, ProductionDate, Color) values ('WAUJC68E22A544265', 9, 15, 44, 1, '07-Jun-2011', 'Khaki');
insert into Vehicle (VIN, ModelId, DealerId, EngineId, TranId, ProductionDate, Color) values ('SAJWA4EB4EL425740', 7, 11, 25, 1, '22-Jul-2007', 'Indigo');
insert into Vehicle (VIN, ModelId, DealerId, EngineId, TranId, ProductionDate, Color) values ('1G6DW677350793973', 5, 14, 12, 3, '25-Aug-2012', 'Green');
insert into Vehicle (VIN, ModelId, DealerId, EngineId, TranId, ProductionDate, Color) values ('WDDHH8JB6FB344512', 93, 19, 36, 1, '26-May-2004', 'Green');
insert into Vehicle (VIN, ModelId, DealerId, EngineId, TranId, ProductionDate, Color) values ('1C3BCBEB7CN536008', 23, 12, 3, 2, '20-Apr-2015', 'Mauv');
insert into Vehicle (VIN, ModelId, DealerId, EngineId, TranId, ProductionDate, Color) values ('KMHTC6AD6DU873562', 55, 20, 22, 3, '28-Dec-1993', 'Indigo');
insert into Vehicle (VIN, ModelId, DealerId, EngineId, TranId, ProductionDate, Color) values ('WAUSH98E26A442641', 85, 11, 5, 3, '31-Mar-2007', 'Khaki');
insert into Vehicle (VIN, ModelId, DealerId, EngineId, TranId, ProductionDate, Color) values ('ZHWGU5BZ9CL542333', 50, 3, 21, 3, '27-Apr-2007', 'Green');
insert into Vehicle (VIN, ModelId, DealerId, EngineId, TranId, ProductionDate, Color) values ('4A4JM2AS7BE498412', 13, 21, 28, 1, '02-Aug-2003', 'Red');
insert into Vehicle (VIN, ModelId, DealerId, EngineId, TranId, ProductionDate, Color) values ('3D7TP2CT2BG294743', 69, 18, 47, 1, '18-Dec-2013', 'Red');
insert into Vehicle (VIN, ModelId, DealerId, EngineId, TranId, ProductionDate, Color) values ('1C3BCBGGXEN916519', 22, 23, 50, 2, '23-Oct-2012', 'Purple');
insert into Vehicle (VIN, ModelId, DealerId, EngineId, TranId, ProductionDate, Color) values ('WVWED7AJXDW277106', 83, 4, 17, 3, '04-Feb-2012', 'Red');
insert into Vehicle (VIN, ModelId, DealerId, EngineId, TranId, ProductionDate, Color) values ('5N1AN0NW2FN918813', 26, 8, 36, 2, '27-Sep-2018', 'Puce');
insert into Vehicle (VIN, ModelId, DealerId, EngineId, TranId, ProductionDate, Color) values ('1GYS3KEF9CR418219', 47, 3, 47, 2, '19-Jul-2007', 'Purple');
insert into Vehicle (VIN, ModelId, DealerId, EngineId, TranId, ProductionDate, Color) values ('WBANN73557B006217', 96, 12, 38, 1, '18-Jun-1992', 'Indigo');
insert into Vehicle (VIN, ModelId, DealerId, EngineId, TranId, ProductionDate, Color) values ('1C4SDJCT0DC760555', 64, 9, 1, 3, '23-Mar-2005', 'Mauv');
insert into Vehicle (VIN, ModelId, DealerId, EngineId, TranId, ProductionDate, Color) values ('JM1NC2EF5A0978582', 70, 22, 32, 3, '31-Aug-1992', 'Goldenrod');
insert into Vehicle (VIN, ModelId, DealerId, EngineId, TranId, ProductionDate, Color) values ('JN1AY1AP5CM300552', 49, 25, 40, 3, '07-Jun-2003', 'Green');
insert into Vehicle (VIN, ModelId, DealerId, EngineId, TranId, ProductionDate, Color) values ('JN8AZ2KR4BT032070', 8, 4, 47, 1, '01-Jun-2013', 'Goldenrod');
insert into Vehicle (VIN, ModelId, DealerId, EngineId, TranId, ProductionDate, Color) values ('1G6KD57Y09U413731', 51, 7, 1, 3, '18-Feb-2003', 'Blue');
insert into Vehicle (VIN, ModelId, DealerId, EngineId, TranId, ProductionDate, Color) values ('4A31K3DT3AE392011', 63, 1, 9, 3, '21-Sep-2000', 'Red');
insert into Vehicle (VIN, ModelId, DealerId, EngineId, TranId, ProductionDate, Color) values ('JN1BJ0HP2DM895290', 3, 12, 23, 2, '12-Nov-2000', 'Fuscia');
insert into Vehicle (VIN, ModelId, DealerId, EngineId, TranId, ProductionDate, Color) values ('5J8TB18538A280498', 1, 14, 30, 3, '11-Aug-2003', 'Red');
insert into Vehicle (VIN, ModelId, DealerId, EngineId, TranId, ProductionDate, Color) values ('3D7JV1EP4BG533944', 58, 11, 22, 1, '10-Apr-1995', 'Crimson');
insert into Vehicle (VIN, ModelId, DealerId, EngineId, TranId, ProductionDate, Color) values ('JHMZF1C69DS579767', 75, 12, 44, 3, '19-Nov-2004', 'Maroon');
insert into Vehicle (VIN, ModelId, DealerId, EngineId, TranId, ProductionDate, Color) values ('3D7TP2CT0BG954410', 54, 20, 17, 2, '04-Apr-2009', 'Goldenrod');
insert into Vehicle (VIN, ModelId, DealerId, EngineId, TranId, ProductionDate, Color) values ('WBAUT9C54AA074888', 67, 14, 39, 1, '27-Feb-1994', 'Violet');
insert into Vehicle (VIN, ModelId, DealerId, EngineId, TranId, ProductionDate, Color) values ('WAUNF98P86A675573', 46, 9, 29, 3, '24-Oct-2007', 'Blue');
insert into Vehicle (VIN, ModelId, DealerId, EngineId, TranId, ProductionDate, Color) values ('5J8TB3H31EL253150', 14, 1, 9, 1, '11-Oct-2012', 'Violet');
insert into Vehicle (VIN, ModelId, DealerId, EngineId, TranId, ProductionDate, Color) values ('WAUMF78P46A257138', 1, 14, 33, 3, '07-Sep-1993', 'Pink');
insert into Vehicle (VIN, ModelId, DealerId, EngineId, TranId, ProductionDate, Color) values ('JN1BY1AR8FM867946', 31, 15, 27, 2, '30-Jan-2000', 'Orange');
insert into Vehicle (VIN, ModelId, DealerId, EngineId, TranId, ProductionDate, Color) values ('WAUGN94F29N506302', 68, 19, 6, 2, '09-Aug-2000', 'Puce');
insert into Vehicle (VIN, ModelId, DealerId, EngineId, TranId, ProductionDate, Color) values ('1FTMF1E8XAF659719', 16, 4, 8, 1, '17-Dec-2005', 'Teal');
insert into Vehicle (VIN, ModelId, DealerId, EngineId, TranId, ProductionDate, Color) values ('WAUEFAFL8FA418351', 68, 2, 48, 1, '16-Jan-2002', 'Maroon');
insert into Vehicle (VIN, ModelId, DealerId, EngineId, TranId, ProductionDate, Color) values ('JN8AZ2KR4CT605695', 10, 13, 5, 2, '26-Jan-2011', 'Pink');
insert into Vehicle (VIN, ModelId, DealerId, EngineId, TranId, ProductionDate, Color) values ('WAUKF78E57A673609', 22, 8, 13, 3, '30-Nov-2004', 'Blue');
insert into Vehicle (VIN, ModelId, DealerId, EngineId, TranId, ProductionDate, Color) values ('3C6TD5LT8CG314779', 54, 15, 16, 1, '25-Nov-2006', 'Indigo');
insert into Vehicle (VIN, ModelId, DealerId, EngineId, TranId, ProductionDate, Color) values ('2C3CK6CT7AH020795', 61, 3, 14, 2, '18-Aug-1998', 'Yellow');
insert into Vehicle (VIN, ModelId, DealerId, EngineId, TranId, ProductionDate, Color) values ('1FMEU3DE0AU100765', 3, 17, 33, 2, '23-Dec-2014', 'Puce');
insert into Vehicle (VIN, ModelId, DealerId, EngineId, TranId, ProductionDate, Color) values ('3C6TD5CT5CG614716', 29, 13, 32, 1, '30-Jun-2018', 'Puce');
insert into Vehicle (VIN, ModelId, DealerId, EngineId, TranId, ProductionDate, Color) values ('WBADW7C56DE574091', 56, 22, 44, 1, '23-Mar-1994', 'Khaki');
insert into Vehicle (VIN, ModelId, DealerId, EngineId, TranId, ProductionDate, Color) values ('2HNYD184X1H021112', 73, 24, 13, 2, '14-Oct-2002', 'Maroon');
insert into Vehicle (VIN, ModelId, DealerId, EngineId, TranId, ProductionDate, Color) values ('1GTC5MF99B8775283', 81, 6, 39, 1, '08-Feb-2006', 'Crimson');
insert into Vehicle (VIN, ModelId, DealerId, EngineId, TranId, ProductionDate, Color) values ('1GYS4EEJ5DR016251', 10, 15, 29, 3, '10-Aug-2001', 'Orange');
insert into Vehicle (VIN, ModelId, DealerId, EngineId, TranId, ProductionDate, Color) values ('WAUDH74F18N914111', 18, 11, 46, 1, '09-Jun-1997', 'Indigo');
insert into Vehicle (VIN, ModelId, DealerId, EngineId, TranId, ProductionDate, Color) values ('WBA3B1C51DK894828', 19, 7, 12, 1, '17-Nov-2002', 'Maroon');
insert into Vehicle (VIN, ModelId, DealerId, EngineId, TranId, ProductionDate, Color) values ('4USBT33414L266092', 85, 6, 43, 2, '11-May-2002', 'Pink');
insert into Vehicle (VIN, ModelId, DealerId, EngineId, TranId, ProductionDate, Color) values ('3C6TD4MT1CG947312', 41, 14, 37, 2, '15-Aug-1999', 'Violet');
insert into Vehicle (VIN, ModelId, DealerId, EngineId, TranId, ProductionDate, Color) values ('WBAKG7C50BE610214', 61, 19, 25, 2, '21-Mar-1990', 'Maroon');
insert into Vehicle (VIN, ModelId, DealerId, EngineId, TranId, ProductionDate, Color) values ('WA1GFCFSXFR199466', 85, 11, 6, 1, '30-Mar-2016', 'Blue');
insert into Vehicle (VIN, ModelId, DealerId, EngineId, TranId, ProductionDate, Color) values ('WDDEJ8GB6AA012650', 87, 1, 43, 2, '11-May-2006', 'Yellow');
insert into Vehicle (VIN, ModelId, DealerId, EngineId, TranId, ProductionDate, Color) values ('1N6AD0CU9AC142707', 65, 18, 20, 1, '02-Oct-2000', 'Crimson');
insert into Vehicle (VIN, ModelId, DealerId, EngineId, TranId, ProductionDate, Color) values ('YV1612FHXD2517455', 13, 3, 42, 3, '22-Feb-1998', 'Goldenrod');
insert into Vehicle (VIN, ModelId, DealerId, EngineId, TranId, ProductionDate, Color) values ('1FMCU0F78FU401277', 96, 19, 18, 2, '20-Nov-1997', 'Mauv');
insert into Vehicle (VIN, ModelId, DealerId, EngineId, TranId, ProductionDate, Color) values ('WA1WMAFE8CD716188', 39, 13, 39, 2, '06-May-2000', 'Turquoise');
insert into Vehicle (VIN, ModelId, DealerId, EngineId, TranId, ProductionDate, Color) values ('WA1CV74L17D375582', 28, 4, 40, 2, '18-Feb-1999', 'Mauv');
insert into Vehicle (VIN, ModelId, DealerId, EngineId, TranId, ProductionDate, Color) values ('WA1LKBFP7AA052674', 94, 8, 6, 1, '24-Aug-2013', 'Fuscia');
insert into Vehicle (VIN, ModelId, DealerId, EngineId, TranId, ProductionDate, Color) values ('1D7CW2GK0AS600544', 69, 3, 8, 3, '13-Sep-2003', 'Teal');
insert into Vehicle (VIN, ModelId, DealerId, EngineId, TranId, ProductionDate, Color) values ('3C4PDDBG5ET278455', 57, 3, 47, 2, '13-Jan-1996', 'Pink');
insert into Vehicle (VIN, ModelId, DealerId, EngineId, TranId, ProductionDate, Color) values ('1GD22ZCG7CZ797522', 34, 24, 12, 1, '01-Apr-2018', 'Teal');
insert into Vehicle (VIN, ModelId, DealerId, EngineId, TranId, ProductionDate, Color) values ('1C6RD7GP0CS256985', 54, 12, 11, 3, '05-Sep-2010', 'Green');
insert into Vehicle (VIN, ModelId, DealerId, EngineId, TranId, ProductionDate, Color) values ('1G6AL5SX6E0975048', 80, 16, 20, 2, '08-Nov-1993', 'Orange');
insert into Vehicle (VIN, ModelId, DealerId, EngineId, TranId, ProductionDate, Color) values ('1GD11XEG5FF450664', 52, 15, 37, 1, '28-Jan-1996', 'Orange');
insert into Vehicle (VIN, ModelId, DealerId, EngineId, TranId, ProductionDate, Color) values ('YV1672MKXD2341083', 94, 6, 47, 1, '03-Jul-2017', 'Indigo');
insert into Vehicle (VIN, ModelId, DealerId, EngineId, TranId, ProductionDate, Color) values ('2G4WE587671396164', 22, 16, 29, 3, '18-Feb-2001', 'Green');
insert into Vehicle (VIN, ModelId, DealerId, EngineId, TranId, ProductionDate, Color) values ('JN1BV7AP7FM683107', 31, 21, 4, 1, '07-May-2019', 'Blue');
insert into Vehicle (VIN, ModelId, DealerId, EngineId, TranId, ProductionDate, Color) values ('1FTSW2B51AE311935', 42, 14, 19, 3, '01-Feb-2007', 'Aquamarine');
insert into Vehicle (VIN, ModelId, DealerId, EngineId, TranId, ProductionDate, Color) values ('WAULC68EX4A975142', 10, 23, 25, 3, '08-Nov-2007', 'Violet');
insert into Vehicle (VIN, ModelId, DealerId, EngineId, TranId, ProductionDate, Color) values ('WBA3A5C5XEP412954', 51, 19, 29, 1, '12-Nov-1991', 'Blue');
insert into Vehicle (VIN, ModelId, DealerId, EngineId, TranId, ProductionDate, Color) values ('5FRYD3H47FB091731', 47, 23, 49, 1, '21-Oct-1993', 'Yellow');
insert into Vehicle (VIN, ModelId, DealerId, EngineId, TranId, ProductionDate, Color) values ('WAUPEBFM5DA675720', 88, 9, 4, 3, '31-Dec-2009', 'Indigo');
insert into Vehicle (VIN, ModelId, DealerId, EngineId, TranId, ProductionDate, Color) values ('3D7TP2CT3BG390901', 57, 15, 22, 2, '10-Jun-2004', 'Violet');
insert into Vehicle (VIN, ModelId, DealerId, EngineId, TranId, ProductionDate, Color) values ('3GYFNFE35ES254430', 12, 25, 23, 1, '20-Dec-2013', 'Purple');
insert into Vehicle (VIN, ModelId, DealerId, EngineId, TranId, ProductionDate, Color) values ('WAUSH78E07A489558', 96, 17, 18, 2, '17-Aug-2017', 'Goldenrod');
insert into Vehicle (VIN, ModelId, DealerId, EngineId, TranId, ProductionDate, Color) values ('137ZA83351E189678', 28, 11, 36, 2, '13-Aug-2011', 'Red');
insert into Vehicle (VIN, ModelId, DealerId, EngineId, TranId, ProductionDate, Color) values ('SCBLF44J38C861238', 77, 25, 45, 3, '26-Jul-1992', 'Pink');
insert into Vehicle (VIN, ModelId, DealerId, EngineId, TranId, ProductionDate, Color) values ('3D4PH3FGXBT636625', 55, 10, 21, 3, '02-Dec-2002', 'Orange');
insert into Vehicle (VIN, ModelId, DealerId, EngineId, TranId, ProductionDate, Color) values ('5UXFG8C50CL689700', 74, 12, 42, 3, '30-Oct-1996', 'Crimson');
insert into Vehicle (VIN, ModelId, DealerId, EngineId, TranId, ProductionDate, Color) values ('WBAYA6C55FD521076', 54, 10, 4, 1, '26-Jul-1999', 'Red');
insert into Vehicle (VIN, ModelId, DealerId, EngineId, TranId, ProductionDate, Color) values ('WAUDV94F39N948007', 58, 7, 37, 3, '22-Sep-2013', 'Maroon');
insert into Vehicle (VIN, ModelId, DealerId, EngineId, TranId, ProductionDate, Color) values ('WAUDG78E66A312149', 26, 20, 6, 3, '10-May-2008', 'Turquoise');
insert into Vehicle (VIN, ModelId, DealerId, EngineId, TranId, ProductionDate, Color) values ('JTDKDTB3XC1411376', 76, 10, 17, 2, '29-Jan-2013', 'Blue');
insert into Vehicle (VIN, ModelId, DealerId, EngineId, TranId, ProductionDate, Color) values ('WVGAV7AX7CW432396', 1, 12, 40, 3, '11-Dec-1993', 'Puce');
insert into Vehicle (VIN, ModelId, DealerId, EngineId, TranId, ProductionDate, Color) values ('WAUMFAFR3FA014504', 77, 18, 47, 1, '27-Sep-1991', 'Turquoise');
insert into Vehicle (VIN, ModelId, DealerId, EngineId, TranId, ProductionDate, Color) values ('1G6DH5E50D0228908', 68, 6, 25, 2, '24-Oct-2014', 'Puce');
insert into Vehicle (VIN, ModelId, DealerId, EngineId, TranId, ProductionDate, Color) values ('1G6DU6EV6A0420766', 98, 10, 3, 3, '22-Feb-2004', 'Turquoise');
insert into Vehicle (VIN, ModelId, DealerId, EngineId, TranId, ProductionDate, Color) values ('WBADT534X1C052107', 83, 22, 46, 1, '29-Sep-2017', 'Violet');
insert into Vehicle (VIN, ModelId, DealerId, EngineId, TranId, ProductionDate, Color) values ('JH4DB76611S499461', 82, 11, 16, 1, '17-Oct-2003', 'Fuscia');
insert into Vehicle (VIN, ModelId, DealerId, EngineId, TranId, ProductionDate, Color) values ('1FTNS1EW6AD942273', 64, 3, 4, 3, '25-Feb-2011', 'Purple');
insert into Vehicle (VIN, ModelId, DealerId, EngineId, TranId, ProductionDate, Color) values ('1D4RD3GG5BC257935', 45, 17, 48, 3, '20-Oct-2018', 'Maroon');
insert into Vehicle (VIN, ModelId, DealerId, EngineId, TranId, ProductionDate, Color) values ('5J8TB2H57CA811880', 97, 16, 47, 3, '17-Apr-2003', 'Fuscia');
insert into Vehicle (VIN, ModelId, DealerId, EngineId, TranId, ProductionDate, Color) values ('WBAUN1C5XDV571209', 50, 3, 32, 1, '08-Dec-2011', 'Pink');
insert into Vehicle (VIN, ModelId, DealerId, EngineId, TranId, ProductionDate, Color) values ('JA32X8HW5EU800609', 63, 10, 26, 2, '05-Jan-2007', 'Puce');
insert into Vehicle (VIN, ModelId, DealerId, EngineId, TranId, ProductionDate, Color) values ('3D7TP2CT6BG756513', 89, 17, 39, 3, '15-Mar-1996', 'Yellow');
insert into Vehicle (VIN, ModelId, DealerId, EngineId, TranId, ProductionDate, Color) values ('4T1BF1FK8DU885483', 28, 13, 35, 3, '01-Aug-2006', 'Green');
insert into Vehicle (VIN, ModelId, DealerId, EngineId, TranId, ProductionDate, Color) values ('YV1982BW3A1347518', 17, 8, 27, 1, '30-Sep-2011', 'Purple');
insert into Vehicle (VIN, ModelId, DealerId, EngineId, TranId, ProductionDate, Color) values ('WAUMR44E96N940049', 77, 3, 9, 1, '05-May-2003', 'Crimson');
insert into Vehicle (VIN, ModelId, DealerId, EngineId, TranId, ProductionDate, Color) values ('1N6AA0CHXDN177552', 45, 5, 26, 3, '12-Dec-2004', 'Yellow');
insert into Vehicle (VIN, ModelId, DealerId, EngineId, TranId, ProductionDate, Color) values ('3GYFNEE34FS623581', 8, 21, 36, 3, '06-Dec-1996', 'Orange');
insert into Vehicle (VIN, ModelId, DealerId, EngineId, TranId, ProductionDate, Color) values ('1G6AH5R39D0602914', 85, 9, 3, 3, '18-Nov-2013', 'Turquoise');
insert into Vehicle (VIN, ModelId, DealerId, EngineId, TranId, ProductionDate, Color) values ('WAUHGBFC3EN019290', 82, 4, 42, 2, '24-Dec-1999', 'Maroon');
insert into Vehicle (VIN, ModelId, DealerId, EngineId, TranId, ProductionDate, Color) values ('1FMCU0C74CK568103', 70, 17, 20, 2, '16-Apr-2015', 'Goldenrod');
insert into Vehicle (VIN, ModelId, DealerId, EngineId, TranId, ProductionDate, Color) values ('WBAVC93587K343398', 4, 12, 41, 3, '24-Apr-2015', 'Orange');
insert into Vehicle (VIN, ModelId, DealerId, EngineId, TranId, ProductionDate, Color) values ('WBAPM7C59AE298908', 9, 15, 27, 1, '25-Jan-2001', 'Khaki');
insert into Vehicle (VIN, ModelId, DealerId, EngineId, TranId, ProductionDate, Color) values ('WAUEH74F96N747241', 89, 1, 23, 2, '20-Oct-2012', 'Orange');
insert into Vehicle (VIN, ModelId, DealerId, EngineId, TranId, ProductionDate, Color) values ('3VW1K7AJ0EM618810', 100, 8, 35, 1, '26-Jul-1997', 'Purple');
insert into Vehicle (VIN, ModelId, DealerId, EngineId, TranId, ProductionDate, Color) values ('2C3CCADG1DH835970', 56, 15, 37, 3, '03-Jul-2007', 'Aquamarine');
insert into Vehicle (VIN, ModelId, DealerId, EngineId, TranId, ProductionDate, Color) values ('4T1BK3DB3BU966219', 54, 5, 11, 3, '23-Jan-1994', 'Yellow');
insert into Vehicle (VIN, ModelId, DealerId, EngineId, TranId, ProductionDate, Color) values ('1FMJK1JT3FE074983', 16, 17, 4, 3, '21-Feb-2006', 'Green');
insert into Vehicle (VIN, ModelId, DealerId, EngineId, TranId, ProductionDate, Color) values ('WAUCF78K39N302518', 25, 12, 33, 1, '16-Jun-2019', 'Violet');
insert into Vehicle (VIN, ModelId, DealerId, EngineId, TranId, ProductionDate, Color) values ('WAUVT54B72N960537', 27, 16, 27, 1, '11-Nov-2010', 'Aquamarine');
insert into Vehicle (VIN, ModelId, DealerId, EngineId, TranId, ProductionDate, Color) values ('5XYKT3A66FG722726', 16, 15, 28, 2, '15-Apr-2016', 'Orange');
insert into Vehicle (VIN, ModelId, DealerId, EngineId, TranId, ProductionDate, Color) values ('3C4PDDDG4DT437879', 86, 13, 28, 1, '11-Jul-1994', 'Yellow');
insert into Vehicle (VIN, ModelId, DealerId, EngineId, TranId, ProductionDate, Color) values ('WBAFU9C50DD718668', 33, 8, 32, 3, '04-Dec-2005', 'Green');
insert into Vehicle (VIN, ModelId, DealerId, EngineId, TranId, ProductionDate, Color) values ('SALSF2D47DA087307', 37, 14, 8, 1, '17-Nov-2008', 'Orange');
insert into Vehicle (VIN, ModelId, DealerId, EngineId, TranId, ProductionDate, Color) values ('1GYFC43579R964372', 91, 15, 4, 3, '11-Mar-2000', 'Violet');
insert into Vehicle (VIN, ModelId, DealerId, EngineId, TranId, ProductionDate, Color) values ('JTHBP5C24E5166528', 43, 19, 17, 3, '01-Sep-2000', 'Violet');
insert into Vehicle (VIN, ModelId, DealerId, EngineId, TranId, ProductionDate, Color) values ('1D7RE3GK1AS011022', 92, 21, 5, 1, '23-Sep-1998', 'Khaki');
insert into Vehicle (VIN, ModelId, DealerId, EngineId, TranId, ProductionDate, Color) values ('KM8JT3AB3DU359902', 3, 24, 29, 1, '02-Aug-2001', 'Yellow');
insert into Vehicle (VIN, ModelId, DealerId, EngineId, TranId, ProductionDate, Color) values ('WAULVBFR6CA593178', 44, 22, 45, 1, '25-Nov-2017', 'Orange');
insert into Vehicle (VIN, ModelId, DealerId, EngineId, TranId, ProductionDate, Color) values ('1N6BF0KM6FN718961', 69, 5, 43, 3, '17-Dec-1995', 'Indigo');
insert into Vehicle (VIN, ModelId, DealerId, EngineId, TranId, ProductionDate, Color) values ('4JGDF2EE9FA295744', 9, 22, 30, 3, '01-Mar-2001', 'Khaki');
insert into Vehicle (VIN, ModelId, DealerId, EngineId, TranId, ProductionDate, Color) values ('WAUSG78E36A104625', 14, 25, 45, 3, '06-Nov-2006', 'Pink');
insert into Vehicle (VIN, ModelId, DealerId, EngineId, TranId, ProductionDate, Color) values ('1FTEW1C88FK665623', 31, 5, 2, 2, '14-Mar-2000', 'Yellow');
insert into Vehicle (VIN, ModelId, DealerId, EngineId, TranId, ProductionDate, Color) values ('SCBGR3ZA6CC452803', 19, 16, 24, 1, '16-Jun-1990', 'Indigo');
insert into Vehicle (VIN, ModelId, DealerId, EngineId, TranId, ProductionDate, Color) values ('KNAGM4AD7D5309546', 92, 10, 50, 1, '31-Mar-2012', 'Yellow');
insert into Vehicle (VIN, ModelId, DealerId, EngineId, TranId, ProductionDate, Color) values ('1N6AA0EJXFN494895', 23, 13, 27, 1, '01-Sep-2009', 'Yellow');
insert into Vehicle (VIN, ModelId, DealerId, EngineId, TranId, ProductionDate, Color) values ('3N6CM0KN9EK935637', 99, 24, 34, 3, '22-Jun-2012', 'Crimson');
insert into Vehicle (VIN, ModelId, DealerId, EngineId, TranId, ProductionDate, Color) values ('JTDKDTB3XC1045550', 9, 2, 18, 2, '11-Feb-2006', 'Indigo');
insert into Vehicle (VIN, ModelId, DealerId, EngineId, TranId, ProductionDate, Color) values ('SCBLF34F66C479742', 36, 12, 49, 3, '14-Sep-2012', 'Crimson');
insert into Vehicle (VIN, ModelId, DealerId, EngineId, TranId, ProductionDate, Color) values ('1GKS2FEJ7CR987806', 13, 15, 13, 1, '01-Feb-2009', 'Turquoise');
insert into Vehicle (VIN, ModelId, DealerId, EngineId, TranId, ProductionDate, Color) values ('WA1WMAFE3FD611305', 17, 6, 36, 1, '02-Dec-2008', 'Purple');
insert into Vehicle (VIN, ModelId, DealerId, EngineId, TranId, ProductionDate, Color) values ('19XFA1F34AE705830', 59, 19, 19, 1, '26-May-2002', 'Mauv');
insert into Vehicle (VIN, ModelId, DealerId, EngineId, TranId, ProductionDate, Color) values ('3VW1K7AJ0CM163213', 11, 11, 35, 2, '27-Nov-1998', 'Red');
insert into Vehicle (VIN, ModelId, DealerId, EngineId, TranId, ProductionDate, Color) values ('WBANU535X9B071073', 60, 21, 27, 1, '29-Oct-2000', 'Orange');
insert into Vehicle (VIN, ModelId, DealerId, EngineId, TranId, ProductionDate, Color) values ('WAUDH94F57N464103', 62, 9, 40, 2, '17-Oct-1994', 'Purple');
insert into Vehicle (VIN, ModelId, DealerId, EngineId, TranId, ProductionDate, Color) values ('1GD11ZCG1DF824585', 97, 16, 44, 2, '16-Jan-2005', 'Turquoise');
insert into Vehicle (VIN, ModelId, DealerId, EngineId, TranId, ProductionDate, Color) values ('WA1LFAFP6EA242180', 46, 13, 13, 2, '11-Jan-2002', 'Yellow');
insert into Vehicle (VIN, ModelId, DealerId, EngineId, TranId, ProductionDate, Color) values ('1C4RDJAG7DC342014', 55, 2, 46, 2, '30-Aug-2004', 'Blue');
insert into Vehicle (VIN, ModelId, DealerId, EngineId, TranId, ProductionDate, Color) values ('WAUGGAFR7EA578794', 72, 7, 21, 3, '08-May-1993', 'Orange');
insert into Vehicle (VIN, ModelId, DealerId, EngineId, TranId, ProductionDate, Color) values ('5N1AR2MM7FC554156', 3, 4, 18, 2, '28-Apr-1994', 'Khaki');
insert into Vehicle (VIN, ModelId, DealerId, EngineId, TranId, ProductionDate, Color) values ('19UUA56853A785723', 1, 5, 3, 1, '02-Aug-1994', 'Yellow');
insert into Vehicle (VIN, ModelId, DealerId, EngineId, TranId, ProductionDate, Color) values ('1N6AF0KXXEN301430', 63, 17, 35, 2, '04-Aug-1996', 'Fuscia');
insert into Vehicle (VIN, ModelId, DealerId, EngineId, TranId, ProductionDate, Color) values ('2T1KE4EE3DC972161', 21, 13, 44, 3, '22-Aug-2007', 'Yellow');
insert into Vehicle (VIN, ModelId, DealerId, EngineId, TranId, ProductionDate, Color) values ('JTHBE1BL2FA218112', 56, 11, 36, 3, '27-Jul-2010', 'Puce');
insert into Vehicle (VIN, ModelId, DealerId, EngineId, TranId, ProductionDate, Color) values ('WA1EV74L88D779330', 55, 12, 23, 1, '31-Dec-2001', 'Indigo');
insert into Vehicle (VIN, ModelId, DealerId, EngineId, TranId, ProductionDate, Color) values ('3D73Y3HL8BG394566', 4, 15, 16, 2, '27-Mar-2002', 'Mauv');
insert into Vehicle (VIN, ModelId, DealerId, EngineId, TranId, ProductionDate, Color) values ('1FAHP3HN4AW109064', 30, 13, 33, 2, '05-Jul-1995', 'Crimson');
insert into Vehicle (VIN, ModelId, DealerId, EngineId, TranId, ProductionDate, Color) values ('1GD02ZCG9CF642673', 98, 23, 33, 3, '26-Jun-1999', 'Green');
insert into Vehicle (VIN, ModelId, DealerId, EngineId, TranId, ProductionDate, Color) values ('3D4PH6FV4AT090807', 19, 7, 24, 2, '28-Mar-1994', 'Red');
insert into Vehicle (VIN, ModelId, DealerId, EngineId, TranId, ProductionDate, Color) values ('WAUXL68E75A200221', 33, 2, 24, 3, '29-Jul-2004', 'Red');
insert into Vehicle (VIN, ModelId, DealerId, EngineId, TranId, ProductionDate, Color) values ('5GADX33L76D116299', 54, 2, 49, 2, '06-Aug-2011', 'Orange');
insert into Vehicle (VIN, ModelId, DealerId, EngineId, TranId, ProductionDate, Color) values ('WBAYA6C55FG085277', 15, 5, 25, 1, '20-Oct-2018', 'Puce');
insert into Vehicle (VIN, ModelId, DealerId, EngineId, TranId, ProductionDate, Color) values ('1G4GJ5G37DF129263', 83, 10, 25, 2, '29-Jan-2019', 'Indigo');
insert into Vehicle (VIN, ModelId, DealerId, EngineId, TranId, ProductionDate, Color) values ('1G6KF57992U857215', 92, 13, 47, 1, '10-Jul-2013', 'Turquoise');
insert into Vehicle (VIN, ModelId, DealerId, EngineId, TranId, ProductionDate, Color) values ('1C3CC5FB6AN380108', 77, 11, 28, 3, '03-Aug-2013', 'Blue');
insert into Vehicle (VIN, ModelId, DealerId, EngineId, TranId, ProductionDate, Color) values ('WDDHF5KBXEA372689', 36, 24, 41, 1, '17-Mar-2013', 'Mauv');


-- Sale Test Data
insert into Sale (SaleId, CustomerId, DealerId, VIN, SalePrice, TagPrice, SaleDate) values (1, 173, 7, 'WAUXL68E94A197790', 17428, 44790, '12-Oct-2012');
insert into Sale (SaleId, CustomerId, DealerId, VIN, SalePrice, TagPrice, SaleDate) values (2, 114, 11, '5N1AN0NW4EN228432', 91232, 35811, '14-Jul-2015');
insert into Sale (SaleId, CustomerId, DealerId, VIN, SalePrice, TagPrice, SaleDate) values (3, 6, 2, '1B3CB8HB9BD273401', 45984, 5720, '25-Aug-2010');
insert into Sale (SaleId, CustomerId, DealerId, VIN, SalePrice, TagPrice, SaleDate) values (4, 121, 5, 'WVGEF9BP1ED046547', 47294, 19843, '03-Oct-2012');
insert into Sale (SaleId, CustomerId, DealerId, VIN, SalePrice, TagPrice, SaleDate) values (5, 161, 25, 'JN1AZ4EH5CM235333', 56594, 37923, '19-Apr-2014');
insert into Sale (SaleId, CustomerId, DealerId, VIN, SalePrice, TagPrice, SaleDate) values (6, 51, 2, '2G4WC552271919730', 18727, 60686, '03-Oct-2010');
insert into Sale (SaleId, CustomerId, DealerId, VIN, SalePrice, TagPrice, SaleDate) values (7, 138, 5, 'WAULC58E65A795913', 84038, 95915, '11-Jan-2018');
insert into Sale (SaleId, CustomerId, DealerId, VIN, SalePrice, TagPrice, SaleDate) values (8, 92, 7, '2C3CCAFJ2DH147632', 81162, 89817, '28-May-2013');
insert into Sale (SaleId, CustomerId, DealerId, VIN, SalePrice, TagPrice, SaleDate) values (9, 90, 11, 'WUAGL78EX6A114558', 22874, 37788, '15-Jul-2011');
insert into Sale (SaleId, CustomerId, DealerId, VIN, SalePrice, TagPrice, SaleDate) values (10, 65, 20, 'WBAKF9C51CE799570', 83096, 58184, '01-Jan-2014');
insert into Sale (SaleId, CustomerId, DealerId, VIN, SalePrice, TagPrice, SaleDate) values (11, 32, 7, 'WVWAB7AJ4CW998105', 70163, 68426, '19-May-2011');
insert into Sale (SaleId, CustomerId, DealerId, VIN, SalePrice, TagPrice, SaleDate) values (12, 95, 25, 'ZFF60FCA6A0652674', 12933, 88181, '04-Feb-2015');
insert into Sale (SaleId, CustomerId, DealerId, VIN, SalePrice, TagPrice, SaleDate) values (13, 178, 15, 'WBADX1C5XDJ624637', 9610, 73081, '01-Aug-2013');
insert into Sale (SaleId, CustomerId, DealerId, VIN, SalePrice, TagPrice, SaleDate) values (14, 92, 12, '1FADP3E23FL581466', 97500, 12064, '11-Jan-2014');
insert into Sale (SaleId, CustomerId, DealerId, VIN, SalePrice, TagPrice, SaleDate) values (15, 1, 25, 'WAUSH78E97A200399', 36566, 7984, '24-Mar-2018');
insert into Sale (SaleId, CustomerId, DealerId, VIN, SalePrice, TagPrice, SaleDate) values (16, 7, 16, 'JTEBU5JR9B5109355', 52717, 53508, '25-May-2014');
insert into Sale (SaleId, CustomerId, DealerId, VIN, SalePrice, TagPrice, SaleDate) values (17, 43, 2, '1G6DL67A590502111', 57597, 39224, '01-Aug-2015');
insert into Sale (SaleId, CustomerId, DealerId, VIN, SalePrice, TagPrice, SaleDate) values (18, 152, 22, '1N4AB7AP4EN296689', 96020, 73323, '15-Nov-2018');
insert into Sale (SaleId, CustomerId, DealerId, VIN, SalePrice, TagPrice, SaleDate) values (19, 112, 1, '2C3CDYCJ6CH540798', 64633, 24038, '01-Apr-2018');
insert into Sale (SaleId, CustomerId, DealerId, VIN, SalePrice, TagPrice, SaleDate) values (20, 28, 7, 'JM1NC2LF1C0007858', 79449, 86770, '02-Jun-2018');
insert into Sale (SaleId, CustomerId, DealerId, VIN, SalePrice, TagPrice, SaleDate) values (21, 33, 7, '1FTMF1EWXAK663811', 85536, 65731, '29-Nov-2012');
insert into Sale (SaleId, CustomerId, DealerId, VIN, SalePrice, TagPrice, SaleDate) values (22, 46, 23, '137ZA90371E591289', 79269, 24335, '17-Feb-2015');
insert into Sale (SaleId, CustomerId, DealerId, VIN, SalePrice, TagPrice, SaleDate) values (23, 188, 13, 'WVWAA7AJ8CW060014', 47886, 64358, '10-Apr-2019');
insert into Sale (SaleId, CustomerId, DealerId, VIN, SalePrice, TagPrice, SaleDate) values (24, 125, 10, '1G6DC8E39E0118732', 98221, 17386, '22-Aug-2014');
insert into Sale (SaleId, CustomerId, DealerId, VIN, SalePrice, TagPrice, SaleDate) values (25, 167, 8, '1GD312CG7DF460513', 6955, 46472, '18-Aug-2010');
insert into Sale (SaleId, CustomerId, DealerId, VIN, SalePrice, TagPrice, SaleDate) values (26, 9, 9, 'JN1AZ4EH0AM675716', 34191, 59520, '10-Jan-2015');
insert into Sale (SaleId, CustomerId, DealerId, VIN, SalePrice, TagPrice, SaleDate) values (27, 178, 23, 'YV1940ASXD1078727', 84981, 49332, '10-Jul-2018');
insert into Sale (SaleId, CustomerId, DealerId, VIN, SalePrice, TagPrice, SaleDate) values (28, 196, 1, 'JN1CV6EK7FM586745', 51071, 42179, '12-Mar-2018');
insert into Sale (SaleId, CustomerId, DealerId, VIN, SalePrice, TagPrice, SaleDate) values (29, 115, 6, 'WA1DGAFE7DD845006', 92089, 73183, '02-Jul-2015');
insert into Sale (SaleId, CustomerId, DealerId, VIN, SalePrice, TagPrice, SaleDate) values (30, 198, 15, 'WBAFZ9C57DD235468', 71516, 94813, '11-May-2011');
insert into Sale (SaleId, CustomerId, DealerId, VIN, SalePrice, TagPrice, SaleDate) values (31, 158, 18, 'JTHKD5BH6C2231165', 52351, 20740, '14-Dec-2010');
insert into Sale (SaleId, CustomerId, DealerId, VIN, SalePrice, TagPrice, SaleDate) values (32, 7, 25, 'WAUMK98K89N692785', 63701, 37936, '12-Jan-2018');
insert into Sale (SaleId, CustomerId, DealerId, VIN, SalePrice, TagPrice, SaleDate) values (33, 50, 21, '2C3CA5CG4BH281335', 84122, 46232, '22-Apr-2011');
insert into Sale (SaleId, CustomerId, DealerId, VIN, SalePrice, TagPrice, SaleDate) values (34, 97, 10, 'WAUUL58E75A860921', 64951, 74046, '05-Apr-2019');
insert into Sale (SaleId, CustomerId, DealerId, VIN, SalePrice, TagPrice, SaleDate) values (35, 71, 22, 'WA1VMBFP3EA394857', 73122, 73960, '29-Nov-2015');
insert into Sale (SaleId, CustomerId, DealerId, VIN, SalePrice, TagPrice, SaleDate) values (36, 181, 10, '2C3CDXJG0EH472860', 47232, 53079, '22-Oct-2015');
insert into Sale (SaleId, CustomerId, DealerId, VIN, SalePrice, TagPrice, SaleDate) values (37, 187, 16, '1G6DP1ED7B0347572', 19445, 40173, '10-May-2011');
insert into Sale (SaleId, CustomerId, DealerId, VIN, SalePrice, TagPrice, SaleDate) values (38, 172, 14, 'SCFEBBCF5BG271238', 10658, 27068, '17-Feb-2013');
insert into Sale (SaleId, CustomerId, DealerId, VIN, SalePrice, TagPrice, SaleDate) values (39, 150, 6, '5N1AR1NB4CC495649', 56640, 41670, '13-Jun-2014');
insert into Sale (SaleId, CustomerId, DealerId, VIN, SalePrice, TagPrice, SaleDate) values (40, 96, 23, 'KL4CJHSB7FB217544', 78743, 11044, '07-Feb-2010');
insert into Sale (SaleId, CustomerId, DealerId, VIN, SalePrice, TagPrice, SaleDate) values (41, 96, 13, 'JA32U2FU7DU596711', 58997, 28742, '17-Dec-2010');
insert into Sale (SaleId, CustomerId, DealerId, VIN, SalePrice, TagPrice, SaleDate) values (42, 55, 24, 'WAUSH78EX8A722590', 95562, 57625, '22-Mar-2014');
insert into Sale (SaleId, CustomerId, DealerId, VIN, SalePrice, TagPrice, SaleDate) values (43, 190, 14, '1FTWW3A53AE050428', 68765, 32687, '04-Feb-2019');
insert into Sale (SaleId, CustomerId, DealerId, VIN, SalePrice, TagPrice, SaleDate) values (44, 83, 3, 'WAUJC68E22A544265', 82704, 37158, '24-May-2010');
insert into Sale (SaleId, CustomerId, DealerId, VIN, SalePrice, TagPrice, SaleDate) values (45, 141, 3, 'SAJWA4EB4EL425740', 77651, 57131, '20-Feb-2017');
insert into Sale (SaleId, CustomerId, DealerId, VIN, SalePrice, TagPrice, SaleDate) values (46, 36, 11, '1G6DW677350793973', 37476, 58374, '21-Mar-2015');
insert into Sale (SaleId, CustomerId, DealerId, VIN, SalePrice, TagPrice, SaleDate) values (47, 20, 17, 'WDDHH8JB6FB344512', 33408, 72450, '05-Jun-2018');
insert into Sale (SaleId, CustomerId, DealerId, VIN, SalePrice, TagPrice, SaleDate) values (48, 56, 23, '1C3BCBEB7CN536008', 71960, 80223, '07-Oct-2018');
insert into Sale (SaleId, CustomerId, DealerId, VIN, SalePrice, TagPrice, SaleDate) values (49, 190, 23, 'KMHTC6AD6DU873562', 58241, 9447, '28-Dec-2013');
insert into Sale (SaleId, CustomerId, DealerId, VIN, SalePrice, TagPrice, SaleDate) values (50, 86, 22, 'WAUSH98E26A442641', 85963, 83670, '24-May-2016');
insert into Sale (SaleId, CustomerId, DealerId, VIN, SalePrice, TagPrice, SaleDate) values (51, 113, 17, 'ZHWGU5BZ9CL542333', 18813, 43377, '20-Nov-2014');
insert into Sale (SaleId, CustomerId, DealerId, VIN, SalePrice, TagPrice, SaleDate) values (52, 62, 21, '4A4JM2AS7BE498412', 99596, 76241, '29-Mar-2013');
insert into Sale (SaleId, CustomerId, DealerId, VIN, SalePrice, TagPrice, SaleDate) values (53, 143, 24, '3D7TP2CT2BG294743', 28285, 79330, '22-Aug-2010');
insert into Sale (SaleId, CustomerId, DealerId, VIN, SalePrice, TagPrice, SaleDate) values (54, 91, 19, '1C3BCBGGXEN916519', 64992, 68198, '14-Oct-2016');
insert into Sale (SaleId, CustomerId, DealerId, VIN, SalePrice, TagPrice, SaleDate) values (55, 148, 8, 'WVWED7AJXDW277106', 15950, 17377, '02-Mar-2011');
insert into Sale (SaleId, CustomerId, DealerId, VIN, SalePrice, TagPrice, SaleDate) values (56, 30, 2, '5N1AN0NW2FN918813', 82179, 36122, '29-Apr-2013');
insert into Sale (SaleId, CustomerId, DealerId, VIN, SalePrice, TagPrice, SaleDate) values (57, 107, 6, '1GYS3KEF9CR418219', 50411, 85350, '03-Nov-2013');
insert into Sale (SaleId, CustomerId, DealerId, VIN, SalePrice, TagPrice, SaleDate) values (58, 121, 22, 'WBANN73557B006217', 83715, 83079, '04-Dec-2017');
insert into Sale (SaleId, CustomerId, DealerId, VIN, SalePrice, TagPrice, SaleDate) values (59, 86, 17, '1C4SDJCT0DC760555', 16658, 19606, '25-Mar-2010');
insert into Sale (SaleId, CustomerId, DealerId, VIN, SalePrice, TagPrice, SaleDate) values (60, 101, 1, 'JM1NC2EF5A0978582', 80662, 89188, '12-Jan-2012');
insert into Sale (SaleId, CustomerId, DealerId, VIN, SalePrice, TagPrice, SaleDate) values (61, 160, 13, 'JN1AY1AP5CM300552', 10699, 93584, '29-Sep-2015');
insert into Sale (SaleId, CustomerId, DealerId, VIN, SalePrice, TagPrice, SaleDate) values (62, 75, 22, 'JN8AZ2KR4BT032070', 86841, 53182, '17-May-2015');
insert into Sale (SaleId, CustomerId, DealerId, VIN, SalePrice, TagPrice, SaleDate) values (63, 117, 13, '1G6KD57Y09U413731', 80188, 87785, '28-Mar-2015');
insert into Sale (SaleId, CustomerId, DealerId, VIN, SalePrice, TagPrice, SaleDate) values (64, 86, 17, '4A31K3DT3AE392011', 8551, 9072, '11-Sep-2015');
insert into Sale (SaleId, CustomerId, DealerId, VIN, SalePrice, TagPrice, SaleDate) values (65, 44, 9, 'JN1BJ0HP2DM895290', 28490, 80201, '26-Dec-2018');
insert into Sale (SaleId, CustomerId, DealerId, VIN, SalePrice, TagPrice, SaleDate) values (66, 58, 11, '5J8TB18538A280498', 66970, 31167, '06-Jul-2017');
insert into Sale (SaleId, CustomerId, DealerId, VIN, SalePrice, TagPrice, SaleDate) values (67, 17, 2, '3D7JV1EP4BG533944', 62308, 11004, '13-Apr-2015');
insert into Sale (SaleId, CustomerId, DealerId, VIN, SalePrice, TagPrice, SaleDate) values (68, 28, 22, 'JHMZF1C69DS579767', 30555, 27071, '06-Mar-2016');
insert into Sale (SaleId, CustomerId, DealerId, VIN, SalePrice, TagPrice, SaleDate) values (69, 3, 6, '3D7TP2CT0BG954410', 73613, 29765, '16-May-2018');
insert into Sale (SaleId, CustomerId, DealerId, VIN, SalePrice, TagPrice, SaleDate) values (70, 179, 24, 'WBAUT9C54AA074888', 42562, 51570, '27-Jul-2010');
insert into Sale (SaleId, CustomerId, DealerId, VIN, SalePrice, TagPrice, SaleDate) values (71, 35, 8, 'WAUNF98P86A675573', 64098, 14210, '31-Aug-2010');
insert into Sale (SaleId, CustomerId, DealerId, VIN, SalePrice, TagPrice, SaleDate) values (72, 123, 24, '5J8TB3H31EL253150', 22616, 47815, '05-Dec-2018');
insert into Sale (SaleId, CustomerId, DealerId, VIN, SalePrice, TagPrice, SaleDate) values (73, 77, 9, 'WAUMF78P46A257138', 31277, 48522, '10-Nov-2014');
insert into Sale (SaleId, CustomerId, DealerId, VIN, SalePrice, TagPrice, SaleDate) values (74, 143, 15, 'JN1BY1AR8FM867946', 46698, 83905, '01-Dec-2012');
insert into Sale (SaleId, CustomerId, DealerId, VIN, SalePrice, TagPrice, SaleDate) values (75, 187, 22, 'WAUGN94F29N506302', 92267, 11591, '12-Jul-2011');
insert into Sale (SaleId, CustomerId, DealerId, VIN, SalePrice, TagPrice, SaleDate) values (76, 165, 7, '1FTMF1E8XAF659719', 96869, 97935, '15-Apr-2010');
insert into Sale (SaleId, CustomerId, DealerId, VIN, SalePrice, TagPrice, SaleDate) values (77, 119, 21, 'WAUEFAFL8FA418351', 20353, 97321, '22-Oct-2012');
insert into Sale (SaleId, CustomerId, DealerId, VIN, SalePrice, TagPrice, SaleDate) values (78, 84, 1, 'JN8AZ2KR4CT605695', 49647, 73017, '18-Jun-2015');
insert into Sale (SaleId, CustomerId, DealerId, VIN, SalePrice, TagPrice, SaleDate) values (79, 42, 1, 'WAUKF78E57A673609', 32454, 9493, '08-Sep-2017');
insert into Sale (SaleId, CustomerId, DealerId, VIN, SalePrice, TagPrice, SaleDate) values (80, 27, 14, '3C6TD5LT8CG314779', 90281, 99985, '30-Jul-2013');
insert into Sale (SaleId, CustomerId, DealerId, VIN, SalePrice, TagPrice, SaleDate) values (81, 27, 15, '2C3CK6CT7AH020795', 8771, 85811, '02-Feb-2018');
insert into Sale (SaleId, CustomerId, DealerId, VIN, SalePrice, TagPrice, SaleDate) values (82, 195, 23, '1FMEU3DE0AU100765', 92628, 45872, '21-Feb-2014');
insert into Sale (SaleId, CustomerId, DealerId, VIN, SalePrice, TagPrice, SaleDate) values (83, 181, 2, '3C6TD5CT5CG614716', 35971, 8705, '22-Aug-2010');
insert into Sale (SaleId, CustomerId, DealerId, VIN, SalePrice, TagPrice, SaleDate) values (84, 75, 9, 'WBADW7C56DE574091', 58658, 83588, '30-Sep-2013');
insert into Sale (SaleId, CustomerId, DealerId, VIN, SalePrice, TagPrice, SaleDate) values (85, 120, 1, '2HNYD184X1H021112', 82329, 66351, '02-Nov-2011');
insert into Sale (SaleId, CustomerId, DealerId, VIN, SalePrice, TagPrice, SaleDate) values (86, 54, 21, '1GTC5MF99B8775283', 98031, 74522, '03-Jul-2013');
insert into Sale (SaleId, CustomerId, DealerId, VIN, SalePrice, TagPrice, SaleDate) values (87, 43, 12, '1GYS4EEJ5DR016251', 43409, 44107, '08-Apr-2016');
insert into Sale (SaleId, CustomerId, DealerId, VIN, SalePrice, TagPrice, SaleDate) values (88, 103, 16, 'WAUDH74F18N914111', 7963, 98186, '01-Jun-2010');
insert into Sale (SaleId, CustomerId, DealerId, VIN, SalePrice, TagPrice, SaleDate) values (89, 35, 24, 'WBA3B1C51DK894828', 70897, 17752, '21-May-2010');
insert into Sale (SaleId, CustomerId, DealerId, VIN, SalePrice, TagPrice, SaleDate) values (90, 145, 9, '4USBT33414L266092', 31940, 57540, '04-May-2019');
insert into Sale (SaleId, CustomerId, DealerId, VIN, SalePrice, TagPrice, SaleDate) values (91, 183, 1, '3C6TD4MT1CG947312', 39116, 19938, '18-Oct-2013');
insert into Sale (SaleId, CustomerId, DealerId, VIN, SalePrice, TagPrice, SaleDate) values (92, 158, 1, 'WBAKG7C50BE610214', 31561, 7093, '25-Aug-2019');
insert into Sale (SaleId, CustomerId, DealerId, VIN, SalePrice, TagPrice, SaleDate) values (93, 29, 1, 'WA1GFCFSXFR199466', 22513, 75423, '27-Dec-2013');
insert into Sale (SaleId, CustomerId, DealerId, VIN, SalePrice, TagPrice, SaleDate) values (94, 132, 7, 'WDDEJ8GB6AA012650', 17834, 64878, '02-Aug-2012');
insert into Sale (SaleId, CustomerId, DealerId, VIN, SalePrice, TagPrice, SaleDate) values (95, 70, 21, '1N6AD0CU9AC142707', 47607, 26735, '26-Jul-2016');
insert into Sale (SaleId, CustomerId, DealerId, VIN, SalePrice, TagPrice, SaleDate) values (96, 110, 14, 'YV1612FHXD2517455', 74369, 27189, '25-Sep-2011');
insert into Sale (SaleId, CustomerId, DealerId, VIN, SalePrice, TagPrice, SaleDate) values (97, 167, 12, '1FMCU0F78FU401277', 7993, 54454, '08-Feb-2018');
insert into Sale (SaleId, CustomerId, DealerId, VIN, SalePrice, TagPrice, SaleDate) values (98, 88, 17, 'WA1WMAFE8CD716188', 95876, 71193, '24-Jan-2018');
insert into Sale (SaleId, CustomerId, DealerId, VIN, SalePrice, TagPrice, SaleDate) values (99, 75, 2, 'WA1CV74L17D375582', 66760, 84206, '16-Oct-2012');
insert into Sale (SaleId, CustomerId, DealerId, VIN, SalePrice, TagPrice, SaleDate) values (100, 10, 6, 'WA1LKBFP7AA052674', 48208, 52981, '04-Feb-2010');
insert into Sale (SaleId, CustomerId, DealerId, VIN, SalePrice, TagPrice, SaleDate) values (101, 13, 15, '1D7CW2GK0AS600544', 68338, 83772, '17-Apr-2013');
insert into Sale (SaleId, CustomerId, DealerId, VIN, SalePrice, TagPrice, SaleDate) values (102, 101, 24, '3C4PDDBG5ET278455', 7950, 68740, '20-Aug-2011');
insert into Sale (SaleId, CustomerId, DealerId, VIN, SalePrice, TagPrice, SaleDate) values (103, 24, 22, '1GD22ZCG7CZ797522', 17140, 17735, '23-Nov-2016');
insert into Sale (SaleId, CustomerId, DealerId, VIN, SalePrice, TagPrice, SaleDate) values (104, 159, 15, '1C6RD7GP0CS256985', 66699, 10474, '22-Nov-2012');
insert into Sale (SaleId, CustomerId, DealerId, VIN, SalePrice, TagPrice, SaleDate) values (105, 62, 20, '1G6AL5SX6E0975048', 41045, 92261, '05-Feb-2013');
insert into Sale (SaleId, CustomerId, DealerId, VIN, SalePrice, TagPrice, SaleDate) values (106, 46, 2, '1GD11XEG5FF450664', 31015, 69956, '04-Sep-2017');
insert into Sale (SaleId, CustomerId, DealerId, VIN, SalePrice, TagPrice, SaleDate) values (107, 117, 7, 'YV1672MKXD2341083', 71742, 6099, '23-Jun-2010');
insert into Sale (SaleId, CustomerId, DealerId, VIN, SalePrice, TagPrice, SaleDate) values (108, 37, 11, '2G4WE587671396164', 19352, 60341, '07-Jun-2013');
insert into Sale (SaleId, CustomerId, DealerId, VIN, SalePrice, TagPrice, SaleDate) values (109, 183, 6, 'JN1BV7AP7FM683107', 19452, 38522, '27-Oct-2017');
insert into Sale (SaleId, CustomerId, DealerId, VIN, SalePrice, TagPrice, SaleDate) values (110, 29, 5, '1FTSW2B51AE311935', 97272, 96204, '25-Jun-2011');
insert into Sale (SaleId, CustomerId, DealerId, VIN, SalePrice, TagPrice, SaleDate) values (111, 130, 15, 'WAULC68EX4A975142', 63396, 86702, '08-Aug-2016');
insert into Sale (SaleId, CustomerId, DealerId, VIN, SalePrice, TagPrice, SaleDate) values (112, 67, 22, 'WBA3A5C5XEP412954', 69253, 76634, '10-Oct-2016');
insert into Sale (SaleId, CustomerId, DealerId, VIN, SalePrice, TagPrice, SaleDate) values (113, 88, 3, '5FRYD3H47FB091731', 96632, 71406, '03-Mar-2018');
insert into Sale (SaleId, CustomerId, DealerId, VIN, SalePrice, TagPrice, SaleDate) values (114, 73, 21, 'WAUPEBFM5DA675720', 91278, 63922, '05-May-2017');
insert into Sale (SaleId, CustomerId, DealerId, VIN, SalePrice, TagPrice, SaleDate) values (115, 77, 14, '3D7TP2CT3BG390901', 34095, 22523, '22-Aug-2012');
insert into Sale (SaleId, CustomerId, DealerId, VIN, SalePrice, TagPrice, SaleDate) values (116, 185, 13, '3GYFNFE35ES254430', 55957, 25093, '02-Dec-2012');
insert into Sale (SaleId, CustomerId, DealerId, VIN, SalePrice, TagPrice, SaleDate) values (117, 179, 21, 'WAUSH78E07A489558', 20709, 9370, '14-Jul-2016');
insert into Sale (SaleId, CustomerId, DealerId, VIN, SalePrice, TagPrice, SaleDate) values (118, 181, 12, '137ZA83351E189678', 60169, 10266, '11-Aug-2010');
insert into Sale (SaleId, CustomerId, DealerId, VIN, SalePrice, TagPrice, SaleDate) values (119, 59, 10, 'SCBLF44J38C861238', 11918, 98822, '21-May-2019');
insert into Sale (SaleId, CustomerId, DealerId, VIN, SalePrice, TagPrice, SaleDate) values (120, 125, 14, '3D4PH3FGXBT636625', 64092, 56385, '18-Oct-2013');
insert into Sale (SaleId, CustomerId, DealerId, VIN, SalePrice, TagPrice, SaleDate) values (121, 132, 4, '5UXFG8C50CL689700', 90225, 99999, '12-Feb-2015');
insert into Sale (SaleId, CustomerId, DealerId, VIN, SalePrice, TagPrice, SaleDate) values (122, 141, 4, 'WBAYA6C55FD521076', 6087, 41482, '21-Nov-2018');
insert into Sale (SaleId, CustomerId, DealerId, VIN, SalePrice, TagPrice, SaleDate) values (123, 77, 18, 'WAUDV94F39N948007', 67219, 74813, '27-Sep-2016');
insert into Sale (SaleId, CustomerId, DealerId, VIN, SalePrice, TagPrice, SaleDate) values (124, 5, 8, 'WAUDG78E66A312149', 42993, 83173, '28-Jul-2018');
insert into Sale (SaleId, CustomerId, DealerId, VIN, SalePrice, TagPrice, SaleDate) values (125, 150, 19, 'JTDKDTB3XC1411376', 51439, 53424, '13-Apr-2017');
insert into Sale (SaleId, CustomerId, DealerId, VIN, SalePrice, TagPrice, SaleDate) values (126, 93, 21, 'WVGAV7AX7CW432396', 66854, 82923, '21-Oct-2013');
insert into Sale (SaleId, CustomerId, DealerId, VIN, SalePrice, TagPrice, SaleDate) values (127, 44, 12, 'WAUMFAFR3FA014504', 81786, 13986, '27-May-2011');
insert into Sale (SaleId, CustomerId, DealerId, VIN, SalePrice, TagPrice, SaleDate) values (128, 100, 11, '1G6DH5E50D0228908', 92248, 85573, '01-May-2019');
insert into Sale (SaleId, CustomerId, DealerId, VIN, SalePrice, TagPrice, SaleDate) values (129, 24, 23, '1G6DU6EV6A0420766', 88045, 57881, '17-May-2018');
insert into Sale (SaleId, CustomerId, DealerId, VIN, SalePrice, TagPrice, SaleDate) values (130, 187, 9, 'WBADT534X1C052107', 81930, 71915, '19-Apr-2010');
insert into Sale (SaleId, CustomerId, DealerId, VIN, SalePrice, TagPrice, SaleDate) values (131, 163, 9, 'JH4DB76611S499461', 25863, 68229, '05-Nov-2010');
insert into Sale (SaleId, CustomerId, DealerId, VIN, SalePrice, TagPrice, SaleDate) values (132, 83, 7, '1FTNS1EW6AD942273', 88230, 24473, '02-Jul-2017');
insert into Sale (SaleId, CustomerId, DealerId, VIN, SalePrice, TagPrice, SaleDate) values (133, 160, 7, '1D4RD3GG5BC257935', 49676, 92405, '16-Jul-2013');
insert into Sale (SaleId, CustomerId, DealerId, VIN, SalePrice, TagPrice, SaleDate) values (134, 92, 16, '5J8TB2H57CA811880', 28639, 55040, '12-May-2014');
insert into Sale (SaleId, CustomerId, DealerId, VIN, SalePrice, TagPrice, SaleDate) values (135, 186, 19, 'WBAUN1C5XDV571209', 90407, 12882, '10-Sep-2014');
insert into Sale (SaleId, CustomerId, DealerId, VIN, SalePrice, TagPrice, SaleDate) values (136, 147, 22, 'JA32X8HW5EU800609', 11082, 36458, '28-Mar-2014');
insert into Sale (SaleId, CustomerId, DealerId, VIN, SalePrice, TagPrice, SaleDate) values (137, 61, 20, '3D7TP2CT6BG756513', 25844, 71876, '19-Jun-2016');
insert into Sale (SaleId, CustomerId, DealerId, VIN, SalePrice, TagPrice, SaleDate) values (138, 68, 12, '4T1BF1FK8DU885483', 19863, 75311, '15-Jan-2015');
insert into Sale (SaleId, CustomerId, DealerId, VIN, SalePrice, TagPrice, SaleDate) values (139, 95, 7, 'YV1982BW3A1347518', 61620, 43490, '14-Apr-2011');
insert into Sale (SaleId, CustomerId, DealerId, VIN, SalePrice, TagPrice, SaleDate) values (140, 9, 8, 'WAUMR44E96N940049', 94831, 79512, '03-Aug-2012');
insert into Sale (SaleId, CustomerId, DealerId, VIN, SalePrice, TagPrice, SaleDate) values (141, 14, 25, '1N6AA0CHXDN177552', 72213, 26571, '16-Oct-2019');
insert into Sale (SaleId, CustomerId, DealerId, VIN, SalePrice, TagPrice, SaleDate) values (142, 165, 17, '3GYFNEE34FS623581', 89999, 81096, '21-Mar-2010');
insert into Sale (SaleId, CustomerId, DealerId, VIN, SalePrice, TagPrice, SaleDate) values (143, 36, 19, '1G6AH5R39D0602914', 94055, 30226, '11-Jul-2018');
insert into Sale (SaleId, CustomerId, DealerId, VIN, SalePrice, TagPrice, SaleDate) values (144, 46, 24, 'WAUHGBFC3EN019290', 68200, 67132, '12-Dec-2013');
insert into Sale (SaleId, CustomerId, DealerId, VIN, SalePrice, TagPrice, SaleDate) values (145, 60, 6, '1FMCU0C74CK568103', 74016, 70378, '01-Apr-2016');
insert into Sale (SaleId, CustomerId, DealerId, VIN, SalePrice, TagPrice, SaleDate) values (146, 111, 23, 'WBAVC93587K343398', 82959, 94572, '31-Aug-2012');
insert into Sale (SaleId, CustomerId, DealerId, VIN, SalePrice, TagPrice, SaleDate) values (147, 32, 2, 'WBAPM7C59AE298908', 53886, 62906, '26-Jun-2011');
insert into Sale (SaleId, CustomerId, DealerId, VIN, SalePrice, TagPrice, SaleDate) values (148, 180, 24, 'WAUEH74F96N747241', 92429, 93762, '04-Apr-2012');
insert into Sale (SaleId, CustomerId, DealerId, VIN, SalePrice, TagPrice, SaleDate) values (149, 65, 5, '3VW1K7AJ0EM618810', 21753, 68661, '26-Dec-2015');
insert into Sale (SaleId, CustomerId, DealerId, VIN, SalePrice, TagPrice, SaleDate) values (150, 1, 6, '2C3CCADG1DH835970', 47712, 97674, '02-Dec-2016');
insert into Sale (SaleId, CustomerId, DealerId, VIN, SalePrice, TagPrice, SaleDate) values (151, 7, 19, '4T1BK3DB3BU966219', 12731, 44953, '09-Apr-2014');
insert into Sale (SaleId, CustomerId, DealerId, VIN, SalePrice, TagPrice, SaleDate) values (152, 83, 15, '1FMJK1JT3FE074983', 44744, 33335, '30-Aug-2015');
insert into Sale (SaleId, CustomerId, DealerId, VIN, SalePrice, TagPrice, SaleDate) values (153, 126, 18, 'WAUCF78K39N302518', 52087, 24752, '13-Oct-2019');
insert into Sale (SaleId, CustomerId, DealerId, VIN, SalePrice, TagPrice, SaleDate) values (154, 145, 7, 'WAUVT54B72N960537', 51059, 13432, '08-Aug-2017');
insert into Sale (SaleId, CustomerId, DealerId, VIN, SalePrice, TagPrice, SaleDate) values (155, 119, 13, '5XYKT3A66FG722726', 15753, 88861, '29-Sep-2014');
insert into Sale (SaleId, CustomerId, DealerId, VIN, SalePrice, TagPrice, SaleDate) values (156, 168, 5, '3C4PDDDG4DT437879', 30671, 82388, '20-Aug-2014');
insert into Sale (SaleId, CustomerId, DealerId, VIN, SalePrice, TagPrice, SaleDate) values (157, 40, 9, 'WBAFU9C50DD718668', 66878, 26690, '24-Nov-2010');
insert into Sale (SaleId, CustomerId, DealerId, VIN, SalePrice, TagPrice, SaleDate) values (158, 194, 21, 'SALSF2D47DA087307', 37116, 97121, '23-May-2012');
insert into Sale (SaleId, CustomerId, DealerId, VIN, SalePrice, TagPrice, SaleDate) values (159, 35, 8, '1GYFC43579R964372', 60622, 95156, '14-Jul-2019');
insert into Sale (SaleId, CustomerId, DealerId, VIN, SalePrice, TagPrice, SaleDate) values (160, 73, 19, 'JTHBP5C24E5166528', 49732, 28375, '05-Jul-2018');
insert into Sale (SaleId, CustomerId, DealerId, VIN, SalePrice, TagPrice, SaleDate) values (161, 178, 20, '1D7RE3GK1AS011022', 44133, 75534, '11-Aug-2011');
insert into Sale (SaleId, CustomerId, DealerId, VIN, SalePrice, TagPrice, SaleDate) values (162, 118, 8, 'KM8JT3AB3DU359902', 82793, 35355, '06-May-2013');
insert into Sale (SaleId, CustomerId, DealerId, VIN, SalePrice, TagPrice, SaleDate) values (163, 23, 24, 'WAULVBFR6CA593178', 9241, 55247, '04-May-2010');
insert into Sale (SaleId, CustomerId, DealerId, VIN, SalePrice, TagPrice, SaleDate) values (164, 56, 9, '1N6BF0KM6FN718961', 44684, 9708, '07-Sep-2015');
insert into Sale (SaleId, CustomerId, DealerId, VIN, SalePrice, TagPrice, SaleDate) values (165, 165, 10, '4JGDF2EE9FA295744', 15684, 29628, '04-Dec-2015');
insert into Sale (SaleId, CustomerId, DealerId, VIN, SalePrice, TagPrice, SaleDate) values (166, 31, 13, 'WAUSG78E36A104625', 38759, 55188, '18-Mar-2011');
insert into Sale (SaleId, CustomerId, DealerId, VIN, SalePrice, TagPrice, SaleDate) values (167, 84, 24, '1FTEW1C88FK665623', 45956, 42382, '07-Sep-2018');
insert into Sale (SaleId, CustomerId, DealerId, VIN, SalePrice, TagPrice, SaleDate) values (168, 37, 7, 'SCBGR3ZA6CC452803', 38858, 77556, '26-Oct-2017');
insert into Sale (SaleId, CustomerId, DealerId, VIN, SalePrice, TagPrice, SaleDate) values (169, 105, 21, 'KNAGM4AD7D5309546', 7314, 80904, '29-Jun-2015');
insert into Sale (SaleId, CustomerId, DealerId, VIN, SalePrice, TagPrice, SaleDate) values (170, 27, 11, '1N6AA0EJXFN494895', 56420, 65556, '26-Apr-2018');
insert into Sale (SaleId, CustomerId, DealerId, VIN, SalePrice, TagPrice, SaleDate) values (171, 131, 1, '3N6CM0KN9EK935637', 77891, 47333, '30-Mar-2015');
insert into Sale (SaleId, CustomerId, DealerId, VIN, SalePrice, TagPrice, SaleDate) values (172, 107, 19, 'JTDKDTB3XC1045550', 8391, 63641, '28-Aug-2013');
insert into Sale (SaleId, CustomerId, DealerId, VIN, SalePrice, TagPrice, SaleDate) values (173, 103, 21, 'SCBLF34F66C479742', 70849, 90791, '06-Aug-2017');
insert into Sale (SaleId, CustomerId, DealerId, VIN, SalePrice, TagPrice, SaleDate) values (174, 195, 19, '1GKS2FEJ7CR987806', 12260, 88248, '13-Dec-2018');
insert into Sale (SaleId, CustomerId, DealerId, VIN, SalePrice, TagPrice, SaleDate) values (175, 49, 25, 'WA1WMAFE3FD611305', 44315, 8087, '06-Dec-2012');
insert into Sale (SaleId, CustomerId, DealerId, VIN, SalePrice, TagPrice, SaleDate) values (176, 31, 24, '19XFA1F34AE705830', 95176, 38226, '17-Feb-2016');
insert into Sale (SaleId, CustomerId, DealerId, VIN, SalePrice, TagPrice, SaleDate) values (177, 133, 24, '3VW1K7AJ0CM163213', 68946, 97916, '09-Jan-2012');
insert into Sale (SaleId, CustomerId, DealerId, VIN, SalePrice, TagPrice, SaleDate) values (178, 42, 5, 'WBANU535X9B071073', 32996, 99405, '03-Sep-2013');
insert into Sale (SaleId, CustomerId, DealerId, VIN, SalePrice, TagPrice, SaleDate) values (179, 28, 9, 'WAUDH94F57N464103', 96432, 71319, '30-Jan-2013');
insert into Sale (SaleId, CustomerId, DealerId, VIN, SalePrice, TagPrice, SaleDate) values (180, 111, 6, '1GD11ZCG1DF824585', 96391, 29375, '02-Mar-2018');
insert into Sale (SaleId, CustomerId, DealerId, VIN, SalePrice, TagPrice, SaleDate) values (181, 6, 23, 'WA1LFAFP6EA242180', 69818, 78072, '26-Sep-2014');
insert into Sale (SaleId, CustomerId, DealerId, VIN, SalePrice, TagPrice, SaleDate) values (182, 162, 21, '1C4RDJAG7DC342014', 97562, 41035, '30-Apr-2017');
insert into Sale (SaleId, CustomerId, DealerId, VIN, SalePrice, TagPrice, SaleDate) values (183, 147, 20, 'WAUGGAFR7EA578794', 33345, 80841, '14-Apr-2015');
insert into Sale (SaleId, CustomerId, DealerId, VIN, SalePrice, TagPrice, SaleDate) values (184, 156, 7, '5N1AR2MM7FC554156', 54098, 25861, '01-Sep-2010');
insert into Sale (SaleId, CustomerId, DealerId, VIN, SalePrice, TagPrice, SaleDate) values (185, 169, 2, '19UUA56853A785723', 23900, 79723, '17-Mar-2014');
insert into Sale (SaleId, CustomerId, DealerId, VIN, SalePrice, TagPrice, SaleDate) values (186, 158, 11, '1N6AF0KXXEN301430', 16215, 69516, '08-Nov-2016');
insert into Sale (SaleId, CustomerId, DealerId, VIN, SalePrice, TagPrice, SaleDate) values (187, 23, 9, '2T1KE4EE3DC972161', 69729, 8891, '01-Jan-2019');
insert into Sale (SaleId, CustomerId, DealerId, VIN, SalePrice, TagPrice, SaleDate) values (188, 156, 6, 'JTHBE1BL2FA218112', 58469, 89833, '06-Oct-2012');
insert into Sale (SaleId, CustomerId, DealerId, VIN, SalePrice, TagPrice, SaleDate) values (189, 77, 24, 'WA1EV74L88D779330', 60058, 25582, '15-Apr-2015');
insert into Sale (SaleId, CustomerId, DealerId, VIN, SalePrice, TagPrice, SaleDate) values (190, 14, 9, '3D73Y3HL8BG394566', 78020, 69070, '01-Jul-2019');
insert into Sale (SaleId, CustomerId, DealerId, VIN, SalePrice, TagPrice, SaleDate) values (191, 108, 5, '1FAHP3HN4AW109064', 40871, 28956, '22-Jan-2012');
insert into Sale (SaleId, CustomerId, DealerId, VIN, SalePrice, TagPrice, SaleDate) values (192, 139, 2, '1GD02ZCG9CF642673', 6598, 59969, '31-Jul-2014');
insert into Sale (SaleId, CustomerId, DealerId, VIN, SalePrice, TagPrice, SaleDate) values (193, 25, 1, '3D4PH6FV4AT090807', 84807, 74953, '19-Mar-2012');
insert into Sale (SaleId, CustomerId, DealerId, VIN, SalePrice, TagPrice, SaleDate) values (194, 106, 15, 'WAUXL68E75A200221', 90333, 30535, '03-May-2014');
insert into Sale (SaleId, CustomerId, DealerId, VIN, SalePrice, TagPrice, SaleDate) values (195, 136, 18, '5GADX33L76D116299', 43494, 9307, '18-Mar-2015');
insert into Sale (SaleId, CustomerId, DealerId, VIN, SalePrice, TagPrice, SaleDate) values (196, 96, 10, 'WBAYA6C55FG085277', 63397, 50016, '19-Oct-2018');
insert into Sale (SaleId, CustomerId, DealerId, VIN, SalePrice, TagPrice, SaleDate) values (197, 66, 16, '1G4GJ5G37DF129263', 85281, 95664, '14-Jan-2012');
insert into Sale (SaleId, CustomerId, DealerId, VIN, SalePrice, TagPrice, SaleDate) values (198, 57, 24, '1G6KF57992U857215', 65587, 58644, '25-Apr-2010');
insert into Sale (SaleId, CustomerId, DealerId, VIN, SalePrice, TagPrice, SaleDate) values (199, 32, 21, '1C3CC5FB6AN380108', 33001, 10197, '20-Jul-2010');
insert into Sale (SaleId, CustomerId, DealerId, VIN, SalePrice, TagPrice, SaleDate) values (200, 136, 22, 'WDDHF5KBXEA372689', 67277, 70593, '22-Apr-2019');
